hindi_phrase,english_translation
नमस्ते,Hello
सलाम,Hello
आओ,Come
स्वागत है,Welcome
मैं हूँ,I am
मेरा नाम,My name is
तुम कौन हो,Who are you
यह कौन है,Who is this
क्या हाल है,How are you
ठीक हूँ,I am fine
आप कैसे हैं,How are you formal
बहुत खुश हूँ,I am very happy
खुश देखो,You look happy
सुबह की बेला,Morning time
शाम का समय,Evening time
रात का समय,Night time
नया दिन,New day
नया साल,New year
पहली बार,First time
अंतिम बार,Last time
फिर से मिल गए,Seeing you again
लंबे समय बाद,After a long time
भूल गए थे,Had forgotten
याद आ गया,Remember now
कितने दिन हुए,How many days passed
एक बार की बात है,Once upon a time
बहुत पुरानी कहानी,Very old story
हमारे दादा-दादी कहते थे,Our grandparents used to say
पहले के जमाने में,In the olden days
जब दुनिया नई थी,When the world was new
एक जादुई समय था,It was a magical time
उस गाँव में,In that village
उस शहर में,In that city
पहाड़ों के बीच,Among the mountains
नदी के किनारे,By the river
जंगल में,In the forest
समुद्र के पास,By the ocean
तारों के नीचे,Under the stars
चाँद की रोशनी में,In moonlight
सूरज निकलते ही,At sunrise
सूरज डूबते ही,At sunset
रात भर,Throughout the night
पूरे दिन,Whole day
सुबह से शाम तक,From morning to evening
हर दिन,Every day
हर महीने,Every month
हर साल,Every year
सदियों पहले,Centuries ago
अनगिनत वर्ष,Countless years
एक बुजुर्ग महिला,An elderly woman
एक बुजुर्ग पुरुष,An elderly man
एक जवान लड़का,A young boy
एक जवान लड़की,A young girl
एक समझदार व्यक्ति,A wise person
एक सीधा-सादा आदमी,A simple man
एक किसान,A farmer
एक गायक,A singer
एक कलाकार,An artist
एक शिक्षक,A teacher
एक विद्वान,A scholar
एक योद्धा,A warrior
एक भाई,A brother
एक बहन,A sister
एक दोस्त,A friend
एक पड़ोसी,A neighbor
एक अजनबी,A stranger
लंबा कद,Tall height
छोटा कद,Short height
काली आँखें,Black eyes
भूरी आँखें,Brown eyes
लंबे बाल,Long hair
काले बाल,Black hair
सफेद बाल,White hair
झुर्रियों वाला चेहरा,Wrinkled face
मुस्कुराता हुआ,Smiling
उदास चेहरा,Sad face
खुश दिखना,Looking happy
चिंतित दिखना,Looking worried
कहा,Said
सुना,Heard
देखा,Saw
समझा,Understood
जाना,Went
आना,Came
रुकना,Stopped
चलना,Walked
दौड़ना,Ran
बैठना,Sat
खड़ा होना,Stood
लेटना,Lay down
उठना,Got up
गिरना,Fell
उठाना,Picked up
रखना,Kept
लेना,Took
देना,Gave
भूलना,Forgot
याद करना,Remembered
सोचना,Thought
विचार करना,Considered
पूछना,Asked
जवाब देना,Answered
बताना,Told
सिखाना,Taught
सीखना,Learned
पढ़ना,Read
लिखना,Wrote
गाना,Sang
नाचना,Danced
खेलना,Played
हँसना,Laughed
रोना,Cried
चिल्लाना,Shouted
बुलाना,Called
सुनना,Listened
महक आना,Smelled
स्वाद लेना,Tasted
छूना,Touched
पकड़ना,Held
छोड़ना,Released
धकेलना,Pushed
खींचना,Pulled
घुमाना,Turned
झुकना,Bent
सीधा होना,Straightened
आगे बढ़ना,Moved forward
पीछे हटना,Moved backward
ऊपर जाना,Went up
नीचे आना,Came down
इधर-उधर देखना,Looked around
ध्यान से सुनना,Listened carefully
भाषा,Language
बोली,Dialect
शब्द,Word
वाक्य,Sentence
व्याकरण,Grammar
उच्चारण,Pronunciation
लिपि,Script
अक्षर,Letter
स्वर,Vowel
व्यंजन,Consonant
छंद,Poetry
दोहा,Couplet
गीत,Song
संगीत,Music
वाद्य यंत्र,Musical instrument
नृत्य,Dance
परंपरा,Tradition
रीति-रिवाज,Custom
त्योहार,Festival
उत्सव,Celebration
पूजा,Worship
मंदिर,Temple
पवित्र,Sacred
पवित्र ग्रंथ,Sacred texts
कथा,Story
पौराणिक,Mythological
लोककथा,Folklore
आख्यान,Narrative
महाकाव्य,Epic
वीरगाथा,Tale of valor
प्रेमकथा,Love story
दुःखांत,Tragedy
सुखांत,Happy ending
सीख,Lesson
नैतिकता,Morality
धर्म,Righteousness
सत्य,Truth
न्याय,Justice
करुणा,Compassion
विलुप्त हो रहा,Disappearing
संकट में,In danger
खतरे में,At risk
संरक्षण,Preservation
बचाना,Save
रक्षा करना,Protect
जीवित रखना,Keep alive
स्मरण करना,Remember
विरासत,Legacy
पूर्वज,Ancestors
पीढ़ी,Generation
नई पीढ़ी,New generation
बुजुर्ग,Elderly
युवा,Youth
ज्ञान,Knowledge
अनुभव,Experience
स्कूल,School
किताब,Book
लेखन,Writing
रिकॉर्डिंग,Recording
फिल्माना,Film
दस्तावेज़,Document
संग्रह,Collection
संग्रहालय,Museum
पुस्तकालय,Library
अभिलेख,Archive
इतिहास,History
साक्षात्कार,Interview
साक्ष्य,Evidence
तस्वीर,Photo
वीडियो,Video
ऑडियो,Audio
डिजिटल,Digital
आधुनिक,Modern
पारंपरिक,Traditional
खुश,Happy
दुःखी,Sad
गुस्सा,Angry
डर,Fear
साहस,Courage
आशा,Hope
निराशा,Despair
गर्व,Pride
शर्म,Shame
प्रेम,Love
घृणा,Hatred
ईर्ष्या,Jealousy
संतोष,Satisfaction
असंतोष,Dissatisfaction
रोमांच,Excitement
उबन,Boredom
शांति,Peace
चिंता,Worry
तनाव,Stress
राहत,Relief
सुख,Pleasure
दर्द,Pain
कष्ट,Suffering
आनंद,Delight
मजा,Fun
हल्केपन,Lightness
गहराई,Depth
भरापन,Fullness
खालीपन,Emptiness
लालसा,Longing
तड़प,Yearning
व्यथा,Anguish
पछतावा,Regret
क्षमा,Forgiveness
कृतज्ञता,Gratitude
आकाश,Sky
बादल,Cloud
बारिश,Rain
तूफान,Storm
बिजली,Lightning
गरज,Thunder
हवा,Wind
हवा का झोंका,Breeze
गर्मी,Heat
ठंड,Cold
बर्फ,Ice
सूरज,Sun
चाँद,Moon
तारे,Stars
सुबह,Morning
शाम,Evening
रात,Night
भोर,Dawn
दोपहर,Noon
धूप,Sunlight
छाया,Shadow
अंधकार,Darkness
प्रकाश,Light
अग्नि,Fire
पानी,Water
नदी,River
झरना,Waterfall
तालाब,Pond
समुद्र,Ocean
तट,Shore
रेत,Sand
पत्थर,Stone
पहाड़,Mountain
घाटी,Valley
वन,Forest
पेड़,Tree
फूल,Flower
फल,Fruit
अनाज,Grain
घास,Grass
जानवर,Animal
पक्षी,Bird
मछली,Fish
कीट,Insect
साँप,Snake
सोना,Sleep
जागना,Wake up
नहाना,Bathe
खाना,Eat
पीना,Drink
भोजन,Food
चाय,Tea
दूध,Milk
रोटी,Bread
चावल,Rice
सब्जी,Vegetable
घर,House
कमरा,Room
दरवाज़ा,Door
खिड़की,Window
छत,Roof
फर्श,Floor
दीवार,Wall
बिस्तर,Bed
कुर्सी,Chair
मेज़,Table
खाना पकाना,Cook
धोना,Wash
साफ करना,Clean
सफाई,Cleanliness
कपड़े,Clothes
जूते,Shoes
टोपी,Hat
गहने,Jewelry
सजना,Decorate
खेल,Game
खिलौने,Toys
कलम,Pen
कागज़,Paper
काम,Work
व्यापार,Business
खेती,Farming
औज़ार,Tools
माता,Mother
पिता,Father
दादा,Grandfather
दादी,Grandmother
नाना,Grandfather maternal
नानी,Grandmother maternal
भाई,Brother
बहन,Sister
पुत्र,Son
पुत्री,Daughter
पत्नी,Wife
पति,Husband
चचेरा भाई,Cousin
ममेरी बहन,Cousin sister
मामा,Uncle maternal
मामी,Aunt maternal
चाचा,Uncle paternal
चाची,Aunt paternal
ताऊ,Older uncle
भतीजा,Nephew
भतीजी,Niece
देवर,Brother in law
जेठ,Husbands older brother
परिवार,Family
रिश्ता,Relationship
वफादारी,Loyalty
विश्वास,Trust
सहारा,Support
साथ,Together
अकेला,Alone
मिलकर,Together
एक-दूसरे,Each other
भाषा सेतु,BhashaSetu
रोबोट,Robot
कृत्रिम बुद्धि,Artificial Intelligence
यंत्र,Machine
प्रौद्योगिकी,Technology
भविष्य,Future
अतीत,Past
वर्तमान,Present
दस्तावेज़,Documentation
संग्रहालय,Museum
अनुसंधान,Research
अध्ययन,Study
पाठ्यक्रम,Course
शिक्षा,Education
सहयोग,Cooperation
समुदाय,Community
लोग,People
राष्ट्र,Nation
विश्व,World
बदलाव,Change
विकास,Development
प्रगति,Progress
सफलता,Success
विफलता,Failure
कठिनाई,Difficulty
समाधान,Solution
लक्ष्य,Goal
सपना,Dream
पहल,Initiative
उद्देश्य,Purpose
महत्व,Importance
मूल्य,Value
सम्मान,Respect
गरिमा,Dignity
अधिकार,Right
कर्तव्य,Duty
जिम्मेदारी,Responsibility
प्रतिबद्धता,Commitment
तुम कहाँ हो,Where are you
तुम क्या करते हो,What do you do
तुम्हारा नाम क्या है,What is your name
तुम कहाँ से हो,Where are you from
तुम्हें क्या पसंद है,What do you like
तुम्हें क्या नापसंद है,What dont you like
तुमने क्या देखा,What did you see
तुमने क्या सुना,What did you hear
यह कैसा लगा,How did it feel
क्या तुम सहमत हो,Do you agree
क्या तुम समझे,Do you understand
तुम्हें क्या लगता है,What do you think
क्या यह सच है,Is it true
क्या यह संभव है,Is it possible
तुमने कब सीखा,When did you learn
तुमने कहाँ सीखा,Where did you learn
तुम किसे मानते हो,Whom do you respect
तुम्हारा सपना क्या है,What is your dream
तुम भविष्य में क्या करोगे,What will you do in future
क्या तुम डरते हो,Are you afraid
क्या तुम्हें आशा है,Do you have hope
तुम किससे प्रेम करते हो,Whom do you love
यह कहानी तुम्हें कैसी लगी,How did you like this story
क्या तुम फिर से सुनोगे,Will you listen again
सत्य बोलो,Speak truth
न्याय करो,Be just
दया करो,Be merciful
कर्तव्य निभाओ,Fulfill duty
समय का मूल्य,Value of time
जीवन कीमती है,Life is precious
ज्ञान शक्ति है,Knowledge is power
शिक्षा महत्वपूर्ण है,Education is important
परिश्रम सफलता की कुंजी,Hard work is key to success
धैर्य रखो,Be patient
आशा न छोड़ो,Dont lose hope
दूसरों की मदद करो,Help others
अहंकार न करो,Dont be arrogant
विनम्र रहो,Be humble
क्षमाशील बनो,Be forgiving
ईमानदारी जीवन की नीव है,Honesty is foundation of life
गरिमा की रक्षा करो,Protect dignity
परंपरा को सम्मान दो,Respect tradition
भविष्य को देखो,Look to future
अतीत से सीखो,Learn from past
अन्याय का विरोध करो,Oppose injustice
अपने अधिकार जानो,Know your rights
अपनी जिम्मेदारी समझो,Understand your responsibility
समाज के लिए काम करो,Work for society
प्रकृति की देखभाल करो,Care for nature
संस्कृति को जीवित रखो,Keep culture alive
भाषा को संरक्षित रखो,Preserve language
अगली पीढ़ी के लिए सोचो,Think of next generation
वारली,Warli
आदिवासी,Tribal
भूमि,Land
खेत,Field
मिट्टी,Soil
फसल,Crop
वर्षा,Rainfall
सूखा,Drought
भीमाष घोटी,Bhimaghoti festival
ढोलक,Drum
मंजीरे,Cymbals
रंग,Color
सफेद रंग,White color
लाल रंग,Red color
पीला रंग,Yellow color
पेंटिंग,Painting
चित्रकला,Art
परिपत्र,Circular pattern
त्रिभुज,Triangle
वर्ग,Square
ज्यामिति,Geometry
आभूषण,Jewelry
वस्त्र,Clothing
परंपरागत,Traditional
संचरण,Transmission
शिक्षण,Teaching
ज्ञान संचरण,Knowledge transfer
पीढ़ी दर पीढ़ी,Generation to generation
कहानी खत्म,Story ends
अंत,End
निष्कर्ष,Conclusion
संदेश,Message
स्मृति,Memory
चिरंतन,Eternal
अमर,Immortal
मरणशील,Mortal
जीवन,Life
मृत्यु,Death
पुनर्जन्म,Rebirth
आत्मा,Soul
शरीर,Body
मन,Mind
विचार,Thought
भावना,Feeling
आत्मचिंतन,Reflection
विश्लेषण,Analysis
समझ,Understanding
प्राप्ति,Achievement
परिणाम,Result
प्रभाव,Impact
प्रेरणा,Inspiration
आशीर्वाद,Blessing
शुभकामनाएँ,Good wishes
पुनः मिलना,Meet again
विदा,Goodbye
धन्यवाद,Thank you
नमस्कार,Farewell