hindi_phrase,english_translation,sanskrit_translation,tamil_translation,odia_translation,category
नमस्ते,Hello,नमस्ते,வணக்கம்,ନମସ୍କାର,Greetings
नमस्कार,Greetings,अभिवादन,வாழ்த்துக்கள்,ନମସ୍କାର,Greetings
सुप्रभात,Good morning,सुप्रभातम्‌,காலை வணக்கம்,ଶୁଭ ସକାଳ,Greetings
शुभ संध्या,Good evening,शुभसन्ध्या,மாலை வணக்கம்,ଶୁଭ ସନ୍ଧ୍ୟା |,Greetings
शुभ रात्रि,Good night,शुभरात्रि,நல்ல இரவு,ଶୁଭ ରାତ୍ରି |,Greetings
स्वागत है,Welcome,स्वागतम्‌,வரவேற்கிறோம்,ସ୍ Welcome ାଗତ,Greetings
अलविदा,Goodbye,पुनर्दर्शनाय,குட்பை,ବିଦାୟ,Greetings
फिर मिलेंगे,See you again,पुनः पश्यामः,மீண்டும் சந்திப்போம்,ପୁନର୍ବାର ଦେଖା ହେବ |,Greetings
धन्यवाद,Thank you,धन्यवाद,நன்றி,ଧନ୍ୟବାଦ,Greetings
बहुत धन्यवाद,Thank you very much,नैकधन्यवादाः,மிக்க நன்றி,ଆପଣଙ୍କୁ ବହୁତ ଧନ୍ୟବାଦ,Greetings
कृपया,Please,कृपया,தயவுசெய்து,ଦୟାକରି,Greetings
क्षमा करें,Excuse me,क्षमा प्रयच्छ मे,மன்னிக்கவும்,କ୍ଷମା କରିବେ,Greetings
माफ़ कीजिए,I am sorry,क्षम्यतां,மன்னிக்கவும்,ମୁଁ ଦୁ sorry ଖିତ,Greetings
कोई बात नहीं,No problem,कापि समस्या न,பிரச்சனை இல்லை,କିଛି ଅସୁବିଧା ନାହିଁ |,Greetings
हाँ,Yes,आम्‌,ஆம்,ହଁ,Greetings
नहीं,No,नहि,இல்லை,ନା,Greetings
शायद,Maybe,भवेत्‌,இருக்கலாம்,ବୋଧହୁଏ |,Greetings
ठीक है,Okay,अस्तु,சரி,ଠିକ ଅଛି |,Greetings
क्या हाल है,How are you,भवान्‌ कथमसि,எப்படி இருக்கிறீர்கள்,ଆପଣ କେମିତି ଅଛନ୍ତି,Greetings
मैं ठीक हूँ,I am fine,अहं कुशलं अस्मि,நான் நன்றாக இருக்கிறேன்,ମୁଁ ଭଲ ଅଛି,Greetings
आप कैसे हैं,How are you formal,कथं त्वं औपचारिकः असि,எப்படி ஃபார்மல்,ତୁମେ କିପରି ଆନୁଷ୍ଠାନିକ?,Greetings
बहुत अच्छा,Very good,अति उत्तम,மிகவும் நல்லது,ବହୁତ ଭଲ,Greetings
मुझे खुशी हुई,Nice to meet you,मेलनेन बहु सन्तोषः,உங்களை சந்தித்ததில் மகிழ்ச்சி,ତୁମକୁ ଭେଟି ଭଲ ଲାଗିଲା |,Greetings
आपसे मिलकर अच्छा लगा,It was nice meeting you,भवता सह मिलित्वा आनन्दः अभवत्,உங்களை சந்தித்ததில் மகிழ்ச்சியாக இருந்தது,ତୁମକୁ ଭେଟିବା ଭଲ ଲାଗିଲା |,Greetings
मेरा नाम है,My name is,मम नाम अस्ति,என் பெயர்,ମୋର ନାମ ହେଉଛି,Greetings
आपका नाम क्या है,What is your name,भवतः नाम किमस्ति,உங்கள் பெயர் என்ன,ତୁମର ନାମ କଣ?,Greetings
मैं भारत से हूँ,I am from India,अहं भारतस्य अस्मि,நான் இந்தியாவைச் சேர்ந்தவன்,ମୁଁ ଭାରତର,Greetings
आप कहाँ से हैं,Where are you from,भवान्‌ कुतः अस्ति,நீங்கள் எங்கிருந்து வருகிறீர்கள்,ଆପଣ କେଉଁଠାରୁ ଆସିଛନ୍ତି,Greetings
मुझे हिंदी आती है,I know Hindi,अहं हिन्दीभाषां जानामि,எனக்கு ஹிந்தி தெரியும்,ମୁଁ ହିନ୍ଦୀ ଜାଣେ |,Greetings
मुझे थोड़ी हिंदी आती है,I know a little Hindi,अहं किञ्चित् हिन्दीभाषां जानामि,எனக்கு கொஞ்சம் ஹிந்தி தெரியும்,ମୁଁ ଟିକିଏ ହିନ୍ଦୀ ଜାଣେ |,Greetings
धीरे बोलिए,Please speak slowly,कृपया मन्दं वदतु,தயவுசெய்து மெதுவாக பேசுங்கள்,ଦୟାକରି ଧୀରେ ଧୀରେ କୁହନ୍ତୁ |,Greetings
फिर से कहिए,Please say again,कृपया पुनः वदतु,மீண்டும் சொல்லுங்கள்,ଦୟାକରି ପୁନର୍ବାର କୁହନ୍ତୁ |,Greetings
मैं समझ गया,I understood,अहं अवगच्छामि स्म,புரிந்து கொண்டேன்,ମୁଁ ବୁ understood ିଲି,Greetings
मैं नहीं समझा,I did not understand,अहं न अवगच्छामि स्म,எனக்குப் புரியவில்லை,ମୁଁ ବୁ understand ି ପାରିଲି ନାହିଁ,Greetings
एक,One,एकम्‌,ஒன்று,ଗୋଟିଏ |,Numbers
दो,Two,द्वि,இரண்டு,ଦୁଇଟି,Numbers
तीन,Three,त्रयः,மூன்று,ତିନି,Numbers
चार,Four,चतुः,நான்கு,ଚାରି,Numbers
पाँच,Five,पंचं,ஐந்து,ପାଞ୍ଚ,Numbers
छह,Six,षष्टं,ஆறு,ଛଅ,Numbers
सात,Seven,सप्त,ஏழு,ସାତ,Numbers
आठ,Eight,अष्ट,எட்டு,ଆଠ,Numbers
नौ,Nine,नवं,ஒன்பது,ନଅ,Numbers
दस,Ten,दशम,பத்து,ଦଶ,Numbers
ग्यारह,Eleven,एकादशं,பதினோரு,ଏକାଦଶ,Numbers
बारह,Twelve,द्विदशकं,பன்னிரண்டு,ବାର,Numbers
तेरह,Thirteen,त्रयोदश,பதின்மூன்று,ତେର,Numbers
चौदह,Fourteen,चतुर्दश,பதினான்கு,ଚଉଦ,Numbers
पंद्रह,Fifteen,पञ्चदश,பதினைந்து,ପନ୍ଦର,Numbers
सोलह,Sixteen,षोडशन्,பதினாறு,ଷୋହଳ,Numbers
सत्रह,Seventeen,सप्तदश,பதினேழு,ସତର,Numbers
अठारह,Eighteen,अष्टदश,பதினெட்டு,ଅଷ୍ଟାଦଶ,Numbers
उन्नीस,Nineteen,एकोनविम्शति,பத்தொன்பது,In ନବିଂଶ,Numbers
बीस,Twenty,विंशति,இருபது,କୋଡ଼ିଏ,Numbers
पच्चीस,Twenty five,पञ्चविंशतिः,இருபத்தி ஐந்து,ପଚିଶ,Numbers
तीस,Thirty,त्रिंशत्,முப்பது,ତିରିଶ,Numbers
पैंतीस,Thirty five,पञ्चत्रिंशत्,முப்பத்தி ஐந்து,ପଚିଶଟି,Numbers
चालीस,Forty,चत्वारिंशत्,நாற்பது,ଚାଳିଶ,Numbers
पैंतालीस,Forty five,पञ्चचत्वारिंशत्,நாற்பத்தி ஐந்து,ଚାଳିଶ ଜଣ,Numbers
पचास,Fifty,पञ्चाशा,ஐம்பது,ପଚାଶ,Numbers
साठ,Sixty,षष्टि,அறுபது,ଷାଠିଏ,Numbers
सत्तर,Seventy,सप्तति,எழுபது,ସତୁରି,Numbers
अस्सी,Eighty,अशीति,எண்பது,ଅଶୀ,Numbers
नब्बे,Ninety,नवति,தொண்ணூறு,ନବେ ଦଶକ |,Numbers
सौ,One hundred,शतं,நூறு,ଶହେ,Numbers
हज़ार,One thousand,सहस्रम्,ஆயிரம்,ଏକ ହଜାର,Numbers
लाख,One hundred thousand,लक्षम्,ஒரு லட்சம்,ଏକ ଶହ ହଜାର,Numbers
करोड़,Ten million,कोटिः,பத்து மில்லியன்,ଦଶ ଲକ୍ଷ,Numbers
पहला,First,प्रथमः,முதலில்,ପ୍ରଥମେ,Numbers
दूसरा,Second,क्षण,இரண்டாவது,ଦ୍ୱିତୀୟ |,Numbers
तीसरा,Third,तृतीयं,மூன்றாவது,ତୃତୀୟ |,Numbers
आधा,Half,अर्ध,பாதி,ଅଧା,Numbers
पूरा,Full,पूर्ण,முழு,ପୂର୍ଣ୍ଣ,Numbers
कुछ,Some,केचन,சில,କେତେକ,Numbers
बहुत,Many,बहवः,பல,ଅନେକ |,Numbers
थोड़ा,A little,तनिक,கொஞ்சம்,ଟିକିଏ,Numbers
सब,All,सर्वे,அனைத்து,ସମସ୍ତ,Numbers
कुछ नहीं,Nothing,किमपि न,ஒன்றுமில்லை,କିଛି ନୁହେଁ |,Numbers
सोमवार,Monday,सोमवारं,திங்கட்கிழமை,ସୋମବାର |,Time
मंगलवार,Tuesday,मङ्गलवारः,செவ்வாய்,ମଙ୍ଗଳବାର |,Time
बुधवार,Wednesday,बुधवारः,புதன்,ବୁଧବାର,Time
गुरुवार,Thursday,बृहस्पतिवारः,வியாழன்,ଗୁରୁବାର |,Time
शुक्रवार,Friday,शुक्रवारं,வெள்ளிக்கிழமை,ଶୁକ୍ରବାର |,Time
शनिवार,Saturday,शनिवारं,சனிக்கிழமை,ଶନିବାର |,Time
रविवार,Sunday,रविवारं,ஞாயிறு,ରବିବାର |,Time
आज,Today,अद्य,இன்று,ଆଜି |,Time
कल,Tomorrow,श्वः,நாளை,ଆସନ୍ତାକାଲି |,Time
बीता हुआ कल,Yesterday,ह्यः,நேற்று,ଗତକାଲି,Time
परसों,Day after tomorrow,श्वः परदिनम्,நாளை மறுநாள்,ଆସନ୍ତାକାଲି,Time
अभी,Now,अधुना,இப்போது,ବର୍ତ୍ତମାନ,Time
बाद में,Later,कालान्तरे,பின்னர்,ପରେ,Time
जल्दी,Early,शीघ्रम्‌,ஆரம்ப,ଶୀଘ୍ର,Time
देर से,Late,विलम्बेन,தாமதமானது,ବିଳମ୍ବ,Time
सुबह,Morning,प्रातः,காலை,ପ୍ରଭାତ,Time
दोपहर,Noon,अपराह्न,நண்பகல்,ମଧ୍ୟାହ୍ନ,Time
शाम,Evening,सायंकालः,மாலை,ସନ୍ଧ୍ୟା |,Time
रात,Night,निशा,இரவு,ରାତି,Time
भोर,Dawn,प्रदोषः,விடியல்,ପ୍ରଭାତ,Time
आधी रात,Midnight,मध्यरात्री,நள்ளிரவு,ମଧ୍ୟରାତ୍ରି |,Time
दिन,Day,दिनं,நாள்,ଦିନ,Time
सप्ताह,Week,सप्ताहः,வாரம்,ସପ୍ତାହ,Time
महीना,Month,माह,மாதம்,ମାସ,Time
साल,Year,वर्ष,ஆண்டு,ବର୍ଷ,Time
घंटा,Hour,घटकः,மணி,ଘଣ୍ଟା |,Time
मिनट,Minute,क्षणं,நிமிடம்,ମିନିଟ୍ |,Time
पल,Moment,क्षण,கணம்,ମୁହୂର୍ତ୍ତ,Time
समय,Time,कालः,நேரம்,ସମୟ,Time
समय क्या हुआ है,What time is it,कः कालः,மணி என்ன,ଏହା କେତେ ସମୟ |,Time
गर्मी का मौसम,Summer season,ग्रीष्मकालः,கோடை காலம்,ଗ୍ରୀଷ୍ମ season ତୁ |,Time
सर्दी का मौसम,Winter season,शिशिरस्य ऋतुः,குளிர்காலம்,ଶୀତ season ତୁ |,Time
बरसात का मौसम,Rainy season,वर्षाऋतुः,மழைக்காலம்,ବର୍ଷା season ତୁ |,Time
वसंत ऋतु,Spring season,वसन्तऋतुः,வசந்த காலம்,ବସନ୍ତ season ତୁ |,Time
हर दिन,Every day,प्रतिदिनं,ஒவ்வொரு நாளும்,ପ୍ରତ୍ୟେକ ଦିନ |,Time
हर साल,Every year,प्रतिवर्षम्,ஒவ்வொரு வருடமும்,ପ୍ରତିବର୍ଷ |,Time
कभी कभी,Sometimes,कदाचित्‌,சில சமயம்,ବେଳେବେଳେ |,Time
हमेशा,Always,सर्वदा,எப்போதும்,ସର୍ବଦା |,Time
कभी नहीं,Never,कदापि न,ஒருபோதும் இல்லை,କଦାପି ନୁହେଁ |,Time
लाल,Red,रक्त,சிவப்பு,ଲାଲ୍ |,Colors
नीला,Blue,नील,நீலம்,ନୀଳ,Colors
पीला,Yellow,पीतं,மஞ்சள்,ହଳଦିଆ,Colors
हरा,Green,हरित,பச்சை,ସବୁଜ,Colors
काला,Black,कृष्णः,கருப்பு,କଳା,Colors
सफेद,White,श्वेतः,வெள்ளை,ଧଳା |,Colors
गुलाबी,Pink,पाटल,இளஞ்சிவப்பு,ଗୋଲାପୀ |,Colors
नारंगी,Orange color,नारङ्गवर्णः,ஆரஞ்சு நிறம்,କମଳା ରଙ୍ଗ |,Colors
बैंगनी,Purple,शोण,ஊதா,ବାଇଗଣୀ |,Colors
भूरा,Brown,पिङ्गल,பழுப்பு,ବ୍ରାଉନ୍,Colors
सुनहरा,Golden,स्वर्णम्,தங்கம்,ସୁବର୍ଣ୍ଣ |,Colors
चाँदी जैसा,Silver,रजत,வெள்ளி,ରୂପା |,Colors
गहरा रंग,Dark color,कृष्णवर्णः,அடர் நிறம்,ଗା ark ରଙ୍ଗ |,Colors
हल्का रंग,Light color,लघुवर्णः,வெளிர் நிறம்,ହାଲୁକା ରଙ୍ଗ |,Colors
रंग बिरंगा,Colorful,रङ्गिणी,வண்ணமயமான,ରଙ୍ଗୀନ,Colors
सिर,Head,शिरः,தலை,ମୁଣ୍ଡ,Body
बाल,Hair,केशः,முடி,କେଶ,Body
आँख,Eye,नेत्र,கண்,ଆଖି,Body
कान,Ear,कर्ण,காது,କାନ |,Body
नाक,Nose,नासिका,மூக்கு,ନାକ,Body
मुँह,Mouth,मुख,வாய்,ପାଟି,Body
दाँत,Teeth,दंत,பற்கள்,ଦାନ୍ତ,Body
जीभ,Tongue,जिह्वा,நாக்கு,ଭାଷା,Body
गला,Throat,कण्ठ,தொண்டை,ଗଳା,Body
गर्दन,Neck,ग्रीवा,கழுத்து,ବେକ,Body
कंधा,Shoulder,स्कन्ध,தோள்பட்டை,କାନ୍ଧ,Body
हाथ,Hand,हस्त,கை,ହାତ,Body
उँगली,Finger,अङ्गुली,விரல்,ଆଙ୍ଗୁଠି |,Body
पेट,Stomach,उदर,வயிறு,ପେଟ,Body
पीठ,Back,पृष्ठभागः,மீண்டும்,ପଛକୁ,Body
पैर,Leg,टङ्का,கால்,ଗୋଡ |,Body
घुटना,Knee,जानुक,முழங்கால்,ଆଣ୍ଠୁ,Body
दिल,Heart,हृदयम्‌,இதயம்,ହୃଦୟ,Body
दिमाग,Brain,मस्तिष्क,மூளை,ମସ୍ତିଷ୍କ,Body
खून,Blood,रक्त,இரத்தம்,ରକ୍ତ,Body
हड्डी,Bone,अस्थि,எலும்பு,ଅସ୍ଥି,Body
त्वचा,Skin,चर्म,தோல்,ଚର୍ମ,Body
आवाज़,Voice,ध्वनि,குரல்,ସ୍ୱର,Body
साँस,Breath,श्वशन,மூச்சு,ନିଶ୍ୱାସ,Body
मुस्कान,Smile,स्मितः,புன்னகை,ହସ |,Body
माता,Mother,माता,அம்மா,ମା,Family
पिता,Father,पिता,அப்பா,ପିତା,Family
माँ,Mom,माता,அம்மா,ମା,Family
पापा,Dad,पिता,அப்பா,ବାପା,Family
भाई,Brother,भ्राता,அண்ணன்,ଭାଇ,Family
बहन,Sister,भगिनी,சகோதரி,ଭଉଣୀ |,Family
बड़ा भाई,Elder brother,अग्रजः,மூத்த சகோதரர்,ବଡ ଭାଇ,Family
छोटी बहन,Younger sister,अनुज भगिनी,இளைய சகோதரி,ସାନ ଭଉଣୀ |,Family
दादा,Grandfather,पितामहः,தாத்தா,ଦାଦା,Family
दादी,Grandmother,पितामही,பாட்டி,ଜେଜେମା,Family
नाना,Maternal grandfather,मातृपितामहः,தாய்வழி தாத்தா,ମାତୃ ଦାଦା |,Family
नानी,Maternal grandmother,मातृपितामही,தாய்வழி பாட்டி,ମାତା ଜେଜେମା |,Family
बेटा,Son,पुत्रः,மகன்,ପୁଅ,Family
बेटी,Daughter,पुत्री,மகள்,Ughter ିଅ,Family
पति,Husband,भर्ता,கணவன்,ସ୍ୱାମୀ,Family
पत्नी,Wife,भार्या,மனைவி,ପତ୍ନୀ,Family
चाचा,Paternal uncle,पितृक मामा,பாட்டன் மாமா,ପିତାମହ,Family
चाची,Paternal aunt,पितृक माकी,தந்தைவழி அத்தை,ପିତାମହ,Family
मामा,Maternal uncle,मातुलः,தாய்வழி மாமன்,ମାତା ମାମୁଁ |,Family
मामी,Maternal aunt,मातृका माकी,தாய்வழி அத்தை,ମାତୃ ମାଉସୀ |,Family
भतीजा,Nephew,भ्रातृ सूतः,மருமகன்,ଜ୍ୱାଇଁ |,Family
भतीजी,Niece,भातृजा,மருமகள்,ଭଣଜା,Family
पोता,Grandson,पौत्रः,பேரன்,ନାତି |,Family
पोती,Granddaughter,पौत्री,பேத்தி,ନାତୁଣୀ,Family
परिवार,Family,परिवारं,குடும்பம்,ପରିବାର,Family
रिश्तेदार,Relatives,संबंधीजनाः,உறவினர்கள்,ସମ୍ପର୍କୀୟ,Family
पड़ोसी,Neighbor,प्रतिवेशी,பக்கத்து வீட்டுக்காரர்,ପଡୋଶୀ,Family
दोस्त,Friend,मित्रम्,நண்பர்,ବନ୍ଧୁ,Family
सबसे अच्छा दोस्त,Best friend,परम मित्रम्,சிறந்த நண்பர்,ସର୍ବୋତ୍ତମ ବନ୍ଧୁ |,Family
मेहमान,Guest,अतिथि,விருந்தினர்,ଅତିଥି,Family
कुत्ता,Dog,कुक्कुरः,நாய்,କୁକୁର,Animals
बिल्ली,Cat,मार्जारः,பூனை,ବିଲେଇ,Animals
गाय,Cow,गो,பசு,ଗା ow,Animals
भैंस,Buffalo,महिषः,எருமை,ବଫାଲୋ |,Animals
बकरी,Goat,अजा,ஆடு,ଛେଳି,Animals
भेड़,Sheep,मेष,ஆடு,ମେଷ,Animals
घोड़ा,Horse,घोटकः,குதிரை,ଘୋଡା,Animals
हाथी,Elephant,गज,யானை,ହାତୀ,Animals
शेर,Lion,सिंहः,சிங்கம்,ସିଂହ,Animals
बाघ,Tiger,व्याघ्रः,புலி,ଟାଇଗର,Animals
बंदर,Monkey,वानरः,குரங்கு,ମାଙ୍କଡ଼,Animals
भालू,Bear,भल्लूकः,கரடி,ଭାଲୁ,Animals
हिरण,Deer,मृग,மான்,ହରିଣ,Animals
लोमड़ी,Fox,लोमशा,நரி,ଫକ୍ସ,Animals
खरगोश,Rabbit,शशकः,முயல்,ରାବଣ,Animals
चूहा,Mouse,मूषकः,சுட்டி,ମାଉସ୍,Animals
साँप,Snake,सर्प,பாம்பு,ସାପ,Animals
मछली,Fish,मीन,மீன்,ମାଛ |,Animals
पक्षी,Bird,पक्षी,பறவை,ପକ୍ଷୀ,Animals
कौआ,Crow,काक,காகம்,କାଉ,Animals
तोता,Parrot,शुकः,கிளி,ପାରା,Animals
मोर,Peacock,मयूरः,மயில்,ମୟୂର,Animals
कबूतर,Pigeon,कपोतः,புறா,କପୋତ,Animals
मुर्गी,Hen,कुक्कुटः,கோழி,ହେନ୍,Animals
बत्तख,Duck,कादम्ब,வாத்து,ଡକ୍ |,Animals
उल्लू,Owl,उलूक,ஆந்தை,ଓଳ,Animals
तितली,Butterfly,चित्रपतङ्ग,பட்டாம்பூச்சி,ପ୍ରଜାପତି,Animals
मधुमक्खी,Honeybee,मधुमक्षिका,தேனீ,ମଧୁମେହ,Animals
चींटी,Ant,अन्त,எறும்பு,ପିମ୍ପୁଡ଼ି,Animals
मकड़ी,Spider,मकड़ी,சிலந்தி,ସ୍ପାଇଡର୍ |,Animals
मेंढक,Frog,मंडूक,தவளை,ବେଙ୍ଗ,Animals
कछुआ,Turtle,कच्छप,ஆமை,କଇଁଛ |,Animals
ऊँट,Camel,उष्ट्रः,ஒட்டகம்,ଓଟ,Animals
गधा,Donkey,गर्दभ,கழுதை,ଗଧ,Animals
जानवर,Animal,पशु,விலங்கு,ପଶୁ,Animals
खाना,Food,आहारः,உணவு,ଖାଦ୍ୟ,Food
पानी,Water,जलम्‌,தண்ணீர்,ଜଳ,Food
दूध,Milk,दुग्धं,பால்,କ୍ଷୀର,Food
चाय,Tea,चाय,தேநீர்,ଚା,Food
कॉफी,Coffee,काफी,காபி,କଫି |,Food
रोटी,Bread,रोटिका,ரொட்டி,ରୁଟି |,Food
चावल,Rice,तांडुलः,அரிசி,ଚାଉଳ |,Food
दाल,Lentils,मसूरम्,பருப்பு,ମସୁର ଡାଲି |,Food
सब्जी,Vegetable,तरकारी,காய்கறி,ପନିପରିବା |,Food
फल,Fruit,फलं,பழம்,ଫଳ,Food
आम,Mango,आम,மாம்பழம்,ଆମ୍ବ |,Food
केला,Banana,कदल,வாழைப்பழம்,ବାନା |,Food
सेब,Apple,सेवफल,ஆப்பிள்,ଆପଲ୍ |,Food
संतरा,Orange fruit,नारङ्गफलम्,ஆரஞ்சு பழம்,କମଳା ଫଳ |,Food
अंगूर,Grapes,द्राक्षा,திராட்சை,ଅଙ୍ଗୁର,Food
अनार,Pomegranate,दाडिमम्,மாதுளை,ଡାଳିମ୍ବ,Food
नारियल,Coconut,नारिकेलः,தேங்காய்,ନଡ଼ିଆ |,Food
आलू,Potato,आलूः,உருளைக்கிழங்கு,ଆଳୁ |,Food
प्याज,Onion,पलाण्डु,வெங்காயம்,ପିଆଜ |,Food
टमाटर,Tomato,रक्तफल,தக்காளி,ଟମାଟୋ |,Food
गाजर,Carrot,गार्जर,கேரட்,ଗାଜର |,Food
पालक,Spinach,पालकं,கீரை,ପାଳଙ୍ଗ |,Food
मिर्च,Chili,मरिचम्,மிளகாய்,ଚିଲି,Food
नमक,Salt,लवणं,உப்பு,ଲୁଣ,Food
चीनी,Sugar,मधुरं,சர்க்கரை,ଚିନି,Food
घी,Clarified butter,स्पष्टं घृतम्,தெளிவுபடுத்தப்பட்ட வெண்ணெய்,ସ୍ପଷ୍ଟ ବଟର,Food
तेल,Oil,तेलं,எண்ணெய்,ତେଲ |,Food
मसाला,Spices,मसालाः,மசாலா,ମସଲା |,Food
अदरक,Ginger,आर्द्रक,இஞ்சி,ଅଦା,Food
लहसुन,Garlic,लशुन,பூண்டு,ରସୁଣ |,Food
हल्दी,Turmeric,हरिद्रा,மஞ்சள்,କଦଳୀ,Food
शहद,Honey,मधु,தேன்,ମହୁ,Food
दही,Yogurt,दही,தயிர்,ଦହି,Food
मक्खन,Butter,नवनीत,வெண்ணெய்,ବଟର |,Food
अंडा,Egg,अंड,முட்டை,ଅଣ୍ଡା,Food
मिठाई,Sweets,मिष्टान्नम्,இனிப்புகள்,ମିଠା,Food
लड्डू,Laddu,लड्डू,லட்டு,ଲଡୁ |,Food
खीर,Rice pudding,तण्डुलपुडिंग,அரிசி புட்டு,ଚାଉଳ କଦଳୀ |,Food
नाश्ता,Breakfast,अल्पाहार,காலை உணவு,ଜଳଖିଆ,Food
दोपहर का खाना,Lunch,मध्याह्नभोजनम्‌,மதிய உணவு,ମଧ୍ୟାହ୍ନ ଭୋଜନ,Food
रात का खाना,Dinner,रात्रिभोजनम्‌,இரவு உணவு,ରାତ୍ରୀ ଭୋଜନ,Food
भूख लगी है,I am hungry,अहं क्षुधार्तः अस्मि,எனக்கு பசிக்கிறது,ମୁଁ ଭୋକିଲା ଅଛି,Food
प्यास लगी है,I am thirsty,अहं तृषितः अस्मि,எனக்கு தாகமாக இருக்கிறது,ମୁଁ ତୃଷାର୍ତ୍ତ,Food
खाना बहुत स्वादिष्ट है,The food is delicious,भोजनं स्वादिष्टम् अस्ति,உணவு சுவையானது,ଖାଦ୍ୟ ସ୍ୱାଦିଷ୍ଟ ଅଟେ |,Food
खाना पकाना,To cook food,भोजनं पाकं कर्तुं,உணவு சமைக்க,ଖାଦ୍ୟ ରାନ୍ଧିବା ପାଇଁ |,Food
आकाश,Sky,गगनः,வானம்,ଆକାଶ |,Nature
बादल,Cloud,मेघ,மேகம்,ମେଘ,Nature
बारिश,Rain,वृष्टि,மழை,ବର୍ଷା,Nature
तूफान,Storm,चण्डवात,புயல்,Orm ଡ,Nature
बिजली,Lightning,गाज,மின்னல்,ବଜ୍ରପାତ,Nature
गरज,Thunder,गर्जन,இடி,ବଜ୍ରପାତ,Nature
इंद्रधनुष,Rainbow,इन्द्रधनुषः,வானவில்,ଇନ୍ଦ୍ରଧନୁ,Nature
हवा,Wind,वायुः,காற்று,ପବନ,Nature
गर्मी,Heat,उष्णता,வெப்பம்,ଉତ୍ତାପ,Nature
ठंड,Cold,शैत्यम्‌,குளிர்,ଥଣ୍ଡା,Nature
बर्फ,Snow,तुषार,பனி,ତୁଷାର,Nature
कोहरा,Fog,धूमिका,மூடுபனி,କୁହୁଡି,Nature
धूप,Sunlight,सूर्यप्रकाशः,சூரிய ஒளி,ସୂର୍ଯ୍ୟକିରଣ |,Nature
छाया,Shadow,छाया,நிழல்,ଛାୟା |,Nature
सूरज,Sun,सूर्य,சூரியன்,ସୂର୍ଯ୍ୟ |,Nature
चाँद,Moon,शशांक,சந்திரன்,ଚନ୍ଦ୍ର,Nature
तारे,Stars,तारा,நட்சத்திரங்கள்,ତାରା,Nature
धरती,Earth,पृथ्वी,பூமி,ପୃଥିବୀ,Nature
आग,Fire,अग्निः,தீ,ଅଗ୍ନି,Nature
मिट्टी,Soil,मृदा,மண்,ମୃତ୍ତିକା |,Nature
नदी,River,नदी,நதி,ନଦୀ,Nature
झरना,Waterfall,जलप्रपातः,அருவி,ଜଳପ୍ରପାତ,Nature
तालाब,Pond,जलाशय,குளம்,ପୋଖରୀ,Nature
झील,Lake,सरोवरः,ஏரி,ହ୍ରଦ,Nature
समुद्र,Ocean,समुद्रं,பெருங்கடல்,ମହାସାଗର,Nature
लहर,Wave,तरंगं,அலை,ତରଙ୍ଗ,Nature
किनारा,Shore,तट,கரை,କୂଳ,Nature
रेत,Sand,वालुका,மணல்,ବାଲି,Nature
पत्थर,Stone,प्रस्तरं,கல்,ପଥର |,Nature
पहाड़,Mountain,पर्वत,மலை,ପର୍ବତ,Nature
घाटी,Valley,घाटी,பள்ளத்தாக்கு,ଉପତ୍ୟକା,Nature
गुफा,Cave,गुहा,குகை,ଗୁମ୍ଫା,Nature
जंगल,Forest,वनः,காடு,ଜଙ୍ଗଲ,Nature
पेड़,Tree,वृक्षः,மரம்,ବୃକ୍ଷ,Nature
पत्ता,Leaf,पर्ण,இலை,ପତ୍ର |,Nature
जड़,Root,मूलं,வேர்,ମୂଳ,Nature
डाल,Branch,शाखा,கிளை,ଶାଖା,Nature
फूल,Flower,पुष्पं,மலர்,ଫୁଲ |,Nature
कमल,Lotus,कमलम्,தாமரை,ଲୋଟସ୍ |,Nature
गुलाब,Rose,रोज,ரோஜா,ଗୋଲାପ |,Nature
गेंदा,Marigold,मरीगोल्ड्,சாமந்திப்பூ,ମାରିଗୋଲ୍ଡ |,Nature
चमेली,Jasmine,चमेली,மல்லிகை,ଜସ୍ମିନ୍ |,Nature
घास,Grass,तृणं,புல்,ଘାସ |,Nature
बीज,Seed,बीज,விதை,ବିହନ,Nature
खेत,Field,क्षेत्रम्‌,களம்,କ୍ଷେତ୍ର,Nature
फसल,Crop,अन्नग्रह,பயிர்,ଫସଲ,Nature
गेहूँ,Wheat,गोधूम,கோதுமை,ଗହମ |,Nature
धान,Paddy,धानम्,நெல்,ଧାନ,Nature
प्रकृति,Nature,प्रकृति,இயற்கை,ପ୍ରକୃତି,Nature
घर,House,गृहम्‌,வீடு,ଘର,Places
गाँव,Village,ग्राम,கிராமம்,ଗାଁ,Places
शहर,City,नगरी,நகரம்,ସହର,Places
देश,Country,देशः,நாடு,ଦେଶ,Places
भारत,India,भारत,இந்தியா,ଭାରତ,Places
मुंबई,Mumbai,मुम्बई,மும்பை,ମୁମ୍ବାଇ |,Places
सड़क,Road,मार्गं,சாலை,ରାସ୍ତା,Places
गली,Lane,लेन,லேன்,ଗାଡ଼ି,Places
बाज़ार,Market,विपणि,சந்தை,ବଜାର,Places
दुकान,Shop,आपण,கடை,ଦୋକାନ କରନ୍ତୁ |,Places
स्कूल,School,विद्यालयः,பள்ளி,ବିଦ୍ୟାଳୟ,Places
कॉलेज,College,महाविद्यालयं,கல்லூரி,କଲେଜ,Places
पुस्तकालय,Library,पुस्तकालय,நூலகம்,ଲାଇବ୍ରେରୀ |,Places
अस्पताल,Hospital,चिकित्सालय,மருத்துவமனை,ଡାକ୍ତରଖାନା,Places
मंदिर,Temple,मंदिर,கோவில்,ମନ୍ଦିର,Places
मस्जिद,Mosque,मस्जिद,மசூதி,ମସଜିଦ,Places
गिरजाघर,Church,चर्च,தேவாலயம்,ଚର୍ଚ୍ଚ,Places
गुरुद्वारा,Gurudwara,गुरुद्वारा,குருத்வாரா,ଗୁରୁଦ୍ୱାର,Places
स्टेशन,Station,स्थानः,நிலையம்,ଷ୍ଟେସନ |,Places
हवाई अड्डा,Airport,वायुपत्तनं,விமான நிலையம்,ବିମାନବନ୍ଦର,Places
पुल,Bridge,सेतु,பாலம்,ବ୍ରିଜ୍,Places
बगीचा,Garden,उद्यान,தோட்டம்,ଉଦ୍ୟାନ,Places
मैदान,Playground,क्रीडाङ्गणम्,விளையாட்டு மைதானம்,ଖେଳ ପଡିଆ,Places
कुआँ,Well,कूपः,சரி,ଠିକ୍ ଅଛି |,Places
आँगन,Courtyard,प्राङ्गणम्,முற்றம்,ପ୍ରାଙ୍ଗଣ,Places
रसोई,Kitchen,पाकशाला,சமையலறை,ରୋଷେଇ ଘର |,Places
कमरा,Room,कक्ष,அறை,କୋଠରୀ |,Places
दरवाज़ा,Door,द्वारम्,கதவு,ଦ୍ୱାର,Places
खिड़की,Window,कोष्ठ,ஜன்னல்,ୱିଣ୍ଡୋ |,Places
छत,Roof,छाद,கூரை,ଛାତ,Places
दीवार,Wall,भित्ति,சுவர்,କାନ୍ଥ,Places
सीढ़ी,Stairs,चरणाः,படிக்கட்டுகள்,ପାହାଚ,Places
संग्रहालय,Museum,संग्रहालय,அருங்காட்சியகம்,ସଂଗ୍ରହାଳୟ,Places
किला,Fort,दुर्गः,கோட்டை,ଦୁର୍ଗ,Places
महल,Palace,प्रासादः,அரண்மனை,ପ୍ରାସାଦ,Places
बिस्तर,Bed,शय्या,படுக்கை,ଶଯ୍ୟା,Daily Life
कुर्सी,Chair,आसन्द,நாற்காலி,ଚେୟାର,Daily Life
मेज़,Table,पीठिका,அட்டவணை,ସାରଣୀ,Daily Life
दीपक,Lamp,दीपकः,விளக்கு,ଦୀପ,Daily Life
लालटेन,Lantern,लालटेन,விளக்கு,ଲଣ୍ଠନ,Daily Life
पीतल की लालटेन,Brass lantern,पीतले लालटेन,பித்தளை விளக்கு,ପିତ୍ତଳ ଲଣ୍ଠନ |,Daily Life
मोमबत्ती,Candle,मोमबत्ती,மெழுகுவர்த்தி,ମହମବତୀ |,Daily Life
दर्पण,Mirror,दर्पण,கண்ணாடி,ଦର୍ପଣ |,Daily Life
घड़ी,Clock,घटिका,கடிகாரம்,ଘଣ୍ଟା |,Daily Life
चाबी,Key,कुंजी,முக்கிய,ଚାବି,Daily Life
ताला,Lock,ताल,பூட்டு,ଲକ୍ କରନ୍ତୁ |,Daily Life
थैला,Bag,भ्रस्ता,பை,ବ୍ୟାଗ୍,Daily Life
बर्तन,Utensils,पात्रम्,பாத்திரங்கள்,ବାସନ,Daily Life
मटका,Clay pot,मृत्तिका घटः,மண் பானை,ମାଟି ହାଣ୍ଡି |,Daily Life
थाली,Plate,स्थालिका,தட்டு,ପ୍ଲେଟ୍ |,Daily Life
कटोरी,Bowl,पाल,கிண்ணம்,ପାତ୍ର,Daily Life
गिलास,Glass,चषक,கண்ணாடி,ଗ୍ଲାସ,Daily Life
चम्मच,Spoon,चमस,கரண்டி,ଚାମଚ |,Daily Life
चूल्हा,Stove,चुल्लिका,அடுப்பு,ଚୁଲି |,Daily Life
झाड़ू,Broom,ऊहनी,விளக்குமாறு,ବର,Daily Life
रस्सी,Rope,रज्जु,கயிறு,ଦଉଡି,Daily Life
टोकरी,Basket,टोकरी,கூடை,ଟୋକେଇ |,Daily Life
कपड़े,Clothes,वस्त्राणि,ஆடைகள்,ପୋଷାକ,Daily Life
साड़ी,Saree,साड़ी,சேலை,ସାର୍,Daily Life
कुर्ता,Kurta,कुर्ता,குர்தா,କୁର୍ତ୍ତା |,Daily Life
धोती,Dhoti,धोती,தோட்டி,ଧୋତି,Daily Life
दुपट्टा,Scarf,उत्तरीय,தாவணி,ସ୍କାର୍ଫ |,Daily Life
जूते,Shoes,पादत्र,காலணிகள்,ଜୋତା |,Daily Life
चप्पल,Slippers,चप्पलम्,செருப்புகள்,ଚପଲ,Daily Life
टोपी,Hat,हत्,தொப்பி,ଟୋପି,Daily Life
चश्मा,Spectacles,चश्मा,கண்ணாடிகள்,ଦର୍ଶକ,Daily Life
छाता,Umbrella,छात्र,குடை,ଛତା,Daily Life
गहने,Jewelry,कर्णाभरन,நகைகள்,ଅଳଙ୍କାର |,Daily Life
चूड़ी,Bangle,चूड़ी,வளையல்,ବଙ୍ଗଳା |,Daily Life
अंगूठी,Ring,वर्तुल,மோதிரம்,ରିଙ୍ଗ୍ |,Daily Life
हार,Necklace,कर्णहार,நெக்லஸ்,ହାର,Daily Life
किताब,Book,पुस्तकम्‌,புத்தகம்,ବୁକ୍ କର |,Daily Life
कलम,Pen,लेखनी,பேனா,କଲମ,Daily Life
पेंसिल,Pencil,अङ्कनी,பென்சில்,ପେନ୍ସିଲ୍ |,Daily Life
कागज़,Paper,पत्रं,காகிதம்,କାଗଜ |,Daily Life
चिट्ठी,Letter,पत्रम्,கடிதம்,ଚିଠି,Daily Life
तस्वीर,Photo,चित्रं,புகைப்படம்,ଫଟୋ,Daily Life
खिलौना,Toy,खिलौना,பொம்மை,ଖେଳନା,Daily Life
गेंद,Ball,कन्दुक,பந்து,ବଲ୍ |,Daily Life
पतंग,Kite,पतंगं,காத்தாடி,କିଟ୍,Daily Life
साइकिल,Bicycle,द्विचक्रिका,சைக்கிள்,ସାଇକେଲ,Daily Life
गाड़ी,Car,कारयानम्‌,கார்,କାର,Daily Life
बस,Bus,बस,பேருந்து,ବସ୍,Daily Life
रेलगाड़ी,Train,रेलयानम्‌,ரயில்,ଟ୍ରେନ୍,Daily Life
नाव,Boat,नौका,படகு,ଡଙ୍ଗା,Daily Life
पैसा,Money,मुद्रा,பணம்,ଟଙ୍କା,Daily Life
काम,Work,कार्यम्‌,வேலை,କାମ କର |,Daily Life
आराम,Rest,विश्रान्तिः,ஓய்வு,ବିଶ୍ରାମ,Daily Life
नींद,Sleep,शयनं करोतु,தூங்கு,ଶୋଇବା |,Daily Life
सपना,Dream,स्वप्न,கனவு,ସ୍ୱପ୍ନ |,Daily Life
किसान,Farmer,कृषक,விவசாயி,କୃଷକ,Professions
शिक्षक,Teacher,अध्यापकः,ஆசிரியர்,ଶିକ୍ଷକ,Professions
डॉक्टर,Doctor,चिकितसिक,டாக்டர்,ଡାକ୍ତର,Professions
नर्स,Nurse,उपचर,செவிலியர்,ନର୍ସ,Professions
इंजीनियर,Engineer,अभियंता,பொறியாளர்,ଇଞ୍ଜିନିୟର,Professions
वैज्ञानिक,Scientist,वैज्ञानिकाः,விஞ்ஞானி,ବ Scient ଜ୍ଞାନିକ,Professions
छात्र,Student,विद्यार्थी,மாணவர்,ଛାତ୍ର,Professions
लेखक,Writer,लेखकः,எழுத்தாளர்,ଲେଖକ,Professions
कवि,Poet,कवि,கவிஞர்,କବି,Professions
गायक,Singer,गायकः,பாடகர்,ଗାୟକ,Professions
नर्तक,Dancer,नर्तकी,நடனக் கலைஞர்,ନୃତ୍ୟଶିଳ୍ପୀ,Professions
कलाकार,Artist,कलाकार,கலைஞர்,କଳାକାର,Professions
चित्रकार,Painter,चित्रकार,ஓவியர்,ଚିତ୍ରକାର,Professions
संगीतकार,Musician,संगीतकार,இசைக்கலைஞர்,ସଂଗୀତଜ୍ଞ,Professions
कहानीकार,Storyteller,कथाकार,கதைசொல்லி,କାହାଣୀକାର,Professions
बढ़ई,Carpenter,तक्षक,தச்சர்,ବ pent ଼େଇ,Professions
लोहार,Blacksmith,लोहारः,கொல்லன்,କୃଷ୍ଣକାୟ,Professions
कुम्हार,Potter,कुम्भकारः,குயவன்,କୁମ୍ଭାର,Professions
बुनकर,Weaver,बुनकर,நெசவாளர்,ବୁଣାକାର,Professions
दर्जी,Tailor,दर्जी,தையல்காரர்,ଟେଲର୍ |,Professions
मछुआरा,Fisherman,मत्स्यजीवी,மீனவர்,ମତ୍ସ୍ୟଜୀବୀ |,Professions
चरवाहा,Shepherd,गोपालकः,மேய்ப்பன்,ମେଷପାଳକ,Professions
व्यापारी,Merchant,वणिक्‌,வணிகர்,ବ୍ୟବସାୟୀ,Professions
दुकानदार,Shopkeeper,दुकानदार,கடைக்காரர்,ଦୋକାନୀ,Professions
रसोइया,Cook,पचति,சமைக்கவும்,ରାନ୍ଧ |,Professions
माली,Gardener,माली,தோட்டக்காரர்,ବଗିଚା,Professions
सिपाही,Soldier,भट,சிப்பாய்,ସ old ନିକ,Professions
राजा,King,राजा,அரசன்,ରାଜା,Professions
रानी,Queen,राज्ञी,ராணி,ରାଣୀ,Professions
संत,Saint,संत,புனிதர்,ସେଣ୍ଟ,Professions
पुजारी,Priest,पुरोहित,பாதிரியார்,ପୁରୋହିତ,Professions
विद्वान,Scholar,विद्वान,அறிஞர்,ବିଦ୍ୱାନ |,Professions
नेता,Leader,नेता,தலைவர்,ନେତା,Professions
खिलाड़ी,Player,खिलाडी,வீரர்,ପ୍ଲେୟାର,Professions
आना,To come,आगन्तुम्,வர,ଆସିବାକୁ,Actions
जाना,To go,गन्तुं,செல்ல,ଯିବାକୁ,Actions
खाना खाना,To eat,खादितुम्,சாப்பிடுவதற்கு,ଖାଇବାକୁ,Actions
पीना,To drink,पिबितुं,குடிக்க,ପିଇବା ପାଇଁ |,Actions
सोना,To sleep,निद्रां कर्तुं,தூங்குவதற்கு,ଶୋଇବା ପାଇଁ |,Actions
जागना,To wake up,जागरणार्थम्,எழுந்திருக்க,ଜାଗ୍ରତ ହେବା,Actions
उठना,To get up,उत्थाय,எழுவதற்கு,ଉଠିବାକୁ,Actions
बैठना,To sit,उपविष्टुं,உட்கார,ବସିବା ପାଇଁ |,Actions
खड़ा होना,To stand,स्थातुं,நிற்க,ଠିଆ ହେବାକୁ,Actions
चलना,To walk,चलितुं,நடக்க,ଚାଲିବା ପାଇଁ |,Actions
दौड़ना,To run,धावितुं,ஓடுவதற்கு,ଚଲାଇବାକୁ,Actions
रुकना,To stop,निवर्तयितुं,நிறுத்த,ବନ୍ଦ କରିବାକୁ,Actions
कूदना,To jump,कूर्दितुं,குதிக்க,ଡେଇଁବା ପାଇଁ |,Actions
तैरना,To swim,तरितुं,நீந்த வேண்டும்,ପହଁରିବା ପାଇଁ |,Actions
उड़ना,To fly,उड्डीयन्ते इति,பறக்க,ଉଡିବା ପାଇଁ |,Actions
गिरना,To fall,पतनम्,விழ,ପଡ଼ିବା,Actions
देखना,To see,द्रष्टुं,பார்க்க,ଦେଖିବାକୁ,Actions
सुनना,To listen,श्रोतुं,கேட்க,ଶୁଣିବାକୁ,Actions
बोलना,To speak,वक्तुं,பேசுவதற்கு,କହିବାକୁ,Actions
कहना,To say,वक्तुं,சொல்வதற்கு,କହିବାକୁ,Actions
पूछना,To ask,पृच्छितुं,கேட்பதற்கு,ପଚାରିବାକୁ,Actions
बताना,To tell,कथयितुं,சொல்ல,କହିବାକୁ,Actions
पढ़ना,To read,पठितुं,படிக்க,ପ To ିବାକୁ |,Actions
लिखना,To write,लेखनार्थम्,எழுதுவதற்கு,ଲେଖିବାକୁ,Actions
सीखना,To learn,शिक्षितुं,கற்றுக்கொள்ள,ଶିଖିବାକୁ,Actions
सिखाना,To teach,पाठयितुं,கற்பிக்க,ଶିକ୍ଷା ଦେବା,Actions
समझना,To understand,अवगन्तुम्,புரிந்து கொள்ள,ବୁ understand ିବାକୁ,Actions
सोचना,To think,चिन्तयितुं,சிந்திக்க,ଭାବିବାକୁ,Actions
जानना,To know,ज्ञातुं,தெரிந்து கொள்ள,ଜାଣିବା ପାଇଁ |,Actions
भूलना,To forget,विस्मरणार्थम्,மறக்க வேண்டும்,ଭୁଲିଯିବାକୁ,Actions
याद रखना,To remember,स्मरणार्थम्,நினைவில் கொள்ள,ମନେରଖିବାକୁ |,Actions
खोजना,To search,अन्वेषणार्थम्,தேடுவதற்கு,ଖୋଜିବାକୁ |,Actions
पाना,To find,अन्वेष्टुं,கண்டுபிடிக்க,ଖୋଜିବା ପାଇଁ,Actions
खोना,To lose,हानिम्,இழக்க,ହରାଇବାକୁ,Actions
देना,To give,दातुं,கொடுக்க,ଦେବାକୁ,Actions
लेना,To take,ग्रहीतुं,எடுக்க,ନେବାକୁ,Actions
रखना,To keep,स्थापयितुं,வைக்க,ରଖିବାକୁ,Actions
उठाना,To lift,उत्थापयितुं,தூக்குவதற்கு,ଉଠାଇବାକୁ,Actions
खोलना,To open,उद्घाटयितुं,திறக்க,ଖୋଲିବାକୁ |,Actions
बंद करना,To close,निमीलितुं,மூடுவதற்கு,ବନ୍ଦ କରିବାକୁ,Actions
बनाना,To make,कर्तुं,செய்ய,ତିଆରି କରିବାକୁ |,Actions
तोड़ना,To break,भङ्गं कर्तुं,உடைக்க,ଭାଙ୍ଗିବା ପାଇଁ |,Actions
जोड़ना,To join,सम्मिलितुं,சேர,ଯୋଗଦାନ କରିବାକୁ,Actions
काटना,To cut,छिन्दितुं,வெட்டுவதற்கு,କାଟିବା ପାଇଁ |,Actions
सिलना,To sew,सिवितुं,தைக்க,ସିଲେଇ କରିବାକୁ |,Actions
धोना,To wash,प्रक्षालितुं,கழுவ வேண்டும்,ଧୋଇବା ପାଇଁ |,Actions
साफ करना,To clean,स्वच्छं कर्तुं,சுத்தம் செய்ய,ସଫା କରିବାକୁ,Actions
पकाना,To cook,पाकं कर्तुं,சமைக்க,ରାନ୍ଧିବା ପାଇଁ |,Actions
गाना गाना,To sing,गायितुं,பாடுவதற்கு,ଗୀତ ଗାଇବା,Actions
नाचना,To dance,नृत्यं कर्तुं,நடனமாட,ନାଚିବା ପାଇଁ |,Actions
बजाना,To play music,सङ्गीतं वादयितुं,இசையை இசைக்க,ସଂଗୀତ ବଜାଇବା ପାଇଁ |,Actions
खेलना,To play,क्रीडितुं,விளையாட,ଖେଳିବାକୁ,Actions
हँसना,To laugh,हसितुं,சிரிக்க,ହସିବାକୁ,Actions
रोना,To cry,रोदितुम्,அழுவதற்கு,କାନ୍ଦିବା,Actions
मुस्कुराना,To smile,स्मितं कर्तुं,புன்னகைக்க,ହସିବାକୁ,Actions
प्यार करना,To love,प्रेम्णा,காதலிக்க,ପ୍ରେମ କରିବାକୁ,Actions
मदद करना,To help,साहाय्यं कर्तुं,உதவி செய்ய,ସାହାଯ୍ୟ କରିବାକୁ,Actions
इंतज़ार करना,To wait,प्रतीक्षां कर्तुं,காத்திருக்க,ଅପେକ୍ଷା କରିବାକୁ,Actions
मिलना,To meet,मिलितुं,சந்திக்க,ସାକ୍ଷାତ କରିବାକୁ,Actions
बुलाना,To call,आह्वानं कर्तुं,அழைக்க,କଲ୍ କରିବାକୁ,Actions
भेजना,To send,प्रेषयितुं,அனுப்புவதற்கு,ପଠାଇବାକୁ,Actions
लाना,To bring,आनयितुं,கொண்டு வர,ଆଣିବାକୁ,Actions
ले जाना,To carry away,अपहरणं कर्तुं,எடுத்துச் செல்ல,ବହନ କରିବାକୁ,Actions
खरीदना,To buy,क्रेतुं,வாங்க,କିଣିବା ପାଇଁ |,Actions
बेचना,To sell,विक्रयणार्थम्,விற்க,ବିକ୍ରୟ କରିବାକୁ,Actions
जीतना,To win,विजयाय,வெற்றி பெற,ଜିତିବାକୁ |,Actions
हारना,To lose a game,क्रीडां हातुं,ஒரு விளையாட்டை இழக்க,ଏକ ଖେଳ ହରାଇବାକୁ |,Actions
शुरू करना,To begin,आरम्भार्थम्,தொடங்குவதற்கு,ଆରମ୍ଭ କରିବାକୁ,Actions
खत्म करना,To finish,समाप्तुं,முடிக்க,ଶେଷ କରିବାକୁ,Actions
कोशिश करना,To try,प्रयासं कर्तुं,முயற்சி செய்ய,ଚେଷ୍ଟା କରିବାକୁ,Actions
बदलना,To change,परिवर्तनार्थम्,மாற்றுவதற்கு,ପରିବର୍ତ୍ତନ କରିବାକୁ,Actions
बढ़ना,To grow,वर्धयितुं,வளர,ବ To ିବାକୁ,Actions
जीना,To live,जीवितुं,வாழ வேண்டும்,ବଞ୍ଚିବା ପାଇଁ |,Actions
बचाना,To save,रक्षितुं,சேமிக்க,ସଞ୍ଚୟ କରିବାକୁ,Actions
रक्षा करना,To protect,रक्षणार्थम्,பாதுகாக்க,ସୁରକ୍ଷା ପାଇଁ,Actions
बड़ा,Big,विशालः,பெரிய,ବଡ,Describing
छोटा,Small,लघु,சிறியது,ଛୋଟ,Describing
लंबा,Tall,उन्नतः,உயரமான,ଲମ୍ବା,Describing
नाटा,Short,वामनः,குறுகிய,ସଂକ୍ଷିପ୍ତ,Describing
मोटा,Fat,स्थूलः,கொழுப்பு,ମୋଟା,Describing
पतला,Thin,कृशः,மெல்லிய,ପତଳା |,Describing
नया,New,नूतनम्‌,புதியது,ନୂତନ,Describing
पुराना,Old thing,पुरातनं वस्तु,பழைய விஷயம்,ପୁରୁଣା ଜିନିଷ |,Describing
जवान,Young,युवा,இளம்,ଯୁବକ,Describing
बूढ़ा,Old person,वृद्धः व्यक्तिः,வயதானவர்,ବୃଦ୍ଧ ବ୍ୟକ୍ତି,Describing
अच्छा,Good,शोभन,நல்லது,ଭଲ,Describing
बुरा,Bad,असमीचीनः,மோசமான,ଖରାପ,Describing
सुंदर,Beautiful,सुन्दरम्‌,அழகான,ସୁନ୍ଦର,Describing
बदसूरत,Ugly,कुरूपः,அசிங்கமான,ଅଶୁଭ,Describing
तेज़,Fast,उपवासः,வேகமாக,ଦ୍ରୁତ,Describing
धीमा,Slow,मन्द,மெதுவாக,ଧୀର,Describing
गरम,Hot,उष्णः,சூடான,ଗରମ |,Describing
ठंडा,Cold thing,शीतं वस्तु,குளிர் விஷயம்,ଶୀତଳ ଜିନିଷ |,Describing
मीठा,Sweet,मधुरम्‌,இனிப்பு,ମିଠା,Describing
कड़वा,Bitter,तिक्त,கசப்பான,ତିକ୍ତ |,Describing
खट्टा,Sour,अम्ल,புளிப்பு,ଖଟା |,Describing
तीखा,Spicy,अवलेह,காரமான,ମସଲାଯୁକ୍ତ |,Describing
नरम,Soft,मृदु,மென்மையானது,ନରମ |,Describing
कठोर,Hard,रूक्षः,கடினமான,କଠିନ |,Describing
हल्का,Light weight,लघु भार,லேசான எடை,ହାଲୁକା ଓଜନ |,Describing
भारी,Heavy,भारयुक्तम्‌,கனமானது,ଭାରୀ,Describing
साफ,Clean,स्वच्छम्‌,சுத்தமான,ପରିଷ୍କାର,Describing
गंदा,Dirty,मलिनम्‌,அழுக்கு,ମଇଳା,Describing
गीला,Wet,आर्द्रम्‌,ஈரமானது,ଓଦା,Describing
सूखा,Dry,शुष्कः,உலர்,ଶୁଖିଲା |,Describing
खाली,Empty,रिक्तम्‌,காலி,ଖାଲି,Describing
पास,Near,समीपः,அருகில்,ନିକଟରେ,Describing
दूर,Far,दूरम्‌,தூரம்,ଦୂର,Describing
ऊँचा,High,उच्चैः,உயர்,ଉଚ୍ଚ,Describing
नीचा,Low,न्यूनम्‌,குறைந்த,ନିମ୍ନ,Describing
गहरा,Deep,अधः,ஆழமான,ଗଭୀର,Describing
चौड़ा,Wide,विस्तृतः,பரந்த,ବ୍ୟାପକ,Describing
सस्ता,Cheap,अल्पमूल्यम्‌,மலிவானது,ଶସ୍ତା,Describing
महँगा,Expensive,बहुमूल्यम्‌,விலை உயர்ந்தது,ବ୍ୟୟବହୁଳ |,Describing
आसान,Easy,सरलम्‌,எளிதானது,ସହଜ,Describing
मुश्किल,Difficult,कठिनम्‌,கடினமானது,କଷ୍ଟକର |,Describing
सही,Correct,उचितं,சரி,ସଠିକ୍,Describing
गलत,Wrong,दोषपूर्णः,தவறு,ଭୁଲ,Describing
अमीर,Rich,धनिकः,பணக்காரர்,ଧନୀ,Describing
गरीब,Poor,निर्धनः,ஏழை,ଗରିବ,Describing
बहादुर,Brave,वीरः,துணிச்சலான,ସାହସୀ,Describing
डरपोक,Cowardly,कायरः,கோழைத்தனம்,ଭୟଭୀତ |,Describing
बुद्धिमान,Intelligent,चतुरः,புத்திசாலி,ବୁଦ୍ଧିମାନ,Describing
समझदार,Wise,पण्डितः,புத்திசாலி,ଜ୍ଞାନୀ,Describing
ईमानदार,Honest,सत्यरतः,நேர்மையானவர்,ସଚ୍ଚୋଟ,Describing
दयालु,Kind,दयालु,வகையான,ଦୟାଳୁ,Describing
शांत,Quiet,शांतिम्,அமைதியான,ଶାନ୍ତ,Describing
व्यस्त,Busy,व्यस्तः,பிஸி,ବ୍ୟସ୍ତ,Describing
खास,Special,विशेषः,சிறப்பு,ବିଶେଷ,Describing
अनोखा,Unique,अद्वितीयः,தனித்துவமானது,ଅନନ୍ୟ |,Describing
मशहूर,Famous,प्रसिद्धः,பிரபலம்,ପ୍ରସିଦ୍ଧ,Describing
जरूरी,Important,महत्वपूर्णः,முக்கியமானது,ଗୁରୁତ୍ୱପୂର୍ଣ୍ଣ |,Describing
खुश,Happy,प्रसन्नः,மகிழ்ச்சி,ଖୁସି,Emotions
दुखी,Sad,सद्,வருத்தம்,ଦୁ Sad ଖ,Emotions
गुस्सा,Angry,क्रुद्धः,கோபம்,କ୍ରୋଧିତ |,Emotions
डर,Fear,भयम्‌,பயம்,ଭୟ,Emotions
साहस,Courage,साहस,தைரியம்,ସାହସ,Emotions
आशा,Hope,आशा,நம்பிக்கை,ଆଶା,Emotions
निराशा,Despair,निराशा,விரக்தி,ହତାଶ |,Emotions
गर्व,Pride,अभिमानः,பெருமை,ଗର୍ବ,Emotions
शर्म,Shame,लज्जा,அவமானம்,ଲଜ୍ଜା |,Emotions
प्रेम,Love,स्नेहः,அன்பு,ପ୍ରେମ,Emotions
नफरत,Hatred,द्वेषः,வெறுப்பு,ଘୃଣା,Emotions
ईर्ष्या,Jealousy,ईर्ष्या,பொறாமை,Ealous ର୍ଷା,Emotions
संतोष,Satisfaction,संतुष्टि,திருப்தி,ତୃପ୍ତି,Emotions
शांति,Peace,शान्तिः,அமைதி,ଶାନ୍ତି,Emotions
चिंता,Worry,चिंता,கவலை,ଚିନ୍ତା କର |,Emotions
राहत,Relief,उपशम्,நிவாரணம்,ରିଲିଫ୍,Emotions
दर्द,Pain,पीडा,வலி,ଯନ୍ତ୍ରଣା,Emotions
आनंद,Joy,आनंदं,மகிழ்ச்சி,ଆନନ୍ଦ,Emotions
मज़ा,Fun,परिहासः,வேடிக்கை,ମଜା,Emotions
हैरानी,Surprise,आश्चर्य,ஆச்சரியம்,ଆଶ୍ଚର୍ଯ୍ୟ,Emotions
अकेलापन,Loneliness,एकान्तता,தனிமை,ଏକାକୀତା,Emotions
याद,Memory of someone,कस्यचित् स्मृतिः,ஒருவரின் நினைவு,କାହାର ସ୍ମୃତି,Emotions
पछतावा,Regret,खेदः,வருத்தம்,ଅନୁତାପ,Emotions
क्षमा,Forgiveness,क्षमा,மன்னித்தல்,କ୍ଷମା,Emotions
कृतज्ञता,Gratitude,कृतवेदित्व,நன்றியுணர்வு,କୃତଜ୍ଞତା,Emotions
विश्वास,Trust,न्यासः,நம்பிக்கை,ବିଶ୍ୱାସ,Emotions
उत्साह,Enthusiasm,उत्साह,உற்சாகம்,ଉତ୍ସାହ,Emotions
धैर्य,Patience,सहिष्णुता,பொறுமை,ଧ ati ର୍ଯ୍ୟ,Emotions
करुणा,Compassion,करुणा,இரக்கம்,ଦୟା,Emotions
ममता,Motherly love,मातृप्रेम,தாயின் அன்பு,ମାତୃ ପ୍ରେମ |,Emotions
भाषा,Language,भाषा,மொழி,ଭାଷା,Language
मातृभाषा,Mother tongue,मातृभाषा,தாய்மொழி,ମାତୃଭାଷା |,Language
बोली,Dialect,बोली,பேச்சுவழக்கு,ସଂଳାପ,Language
शब्द,Word,शब्दः,வார்த்தை,ଶବ୍ଦ,Language
वाक्य,Sentence,वाक्य,வாக்கியம்,ବାକ୍ୟ,Language
अर्थ,Meaning,अर्थ,பொருள்,ଅର୍ଥ,Language
व्याकरण,Grammar,व्याकरणम्,இலக்கணம்,ବ୍ୟାକରଣ,Language
उच्चारण,Pronunciation,उच्चारणं,உச்சரிப்பு,ଉଚ୍ଚାରଣ,Language
लिपि,Script,प्रलेखन,ஸ்கிரிப்ட்,ସ୍କ୍ରିପ୍ଟ,Language
देवनागरी,Devanagari,देवनागरी,தேவநாகரி,ଦେବନାଗରୀ |,Language
अक्षर,Letter of alphabet,वर्णमाला का अक्षर,எழுத்துக்களின் எழுத்து,ବର୍ଣ୍ଣମାଳା ଅକ୍ଷର,Language
स्वर,Vowel,स्वरः,உயிரெழுத்து,ସ୍ ow ର,Language
व्यंजन,Consonant,विसर्गः,மெய்யெழுத்து,ବ୍ୟଞ୍ଜନ,Language
अनुवाद,Translation,अनुवाद,மொழிபெயர்ப்பு,ଅନୁବାଦ,Language
कविता,Poem,काव्य,கவிதை,କବିତା,Language
दोहा,Couplet,दम्पती,ஜோடி,ଦମ୍ପତି,Language
कहावत,Proverb,सुभाषितम्,பழமொழி,ପ୍ରବାଦ,Language
मुहावरा,Idiom,मुहावरे,பழமொழி,Idiom,Language
पहेली,Riddle,पहेली,புதிர்,ଉପହାସ,Language
गीत,Song,गीतं,பாடல்,ଗୀତ,Language
लोकगीत,Folk song,लोकगीत,நாட்டுப்புற பாடல்,ଲୋକ ଗୀତ,Language
लोरी,Lullaby,लोरी,தாலாட்டு,ଲୁଲାବି |,Language
संगीत,Music,संगीतं,இசை,ସଙ୍ଗୀତ,Language
ढोलक,Drum,ढोल,பறை,ଡ଼୍ରମ୍ |,Language
बाँसुरी,Flute,बांसुरी,புல்லாங்குழல்,ବଂଶୀ,Language
तबला,Tabla,तबला,தபலா,ତବଲା |,Language
नृत्य,Dance form,नृत्यरूपम्,நடன வடிவம்,ନୃତ୍ୟ ଫର୍ମ |,Language
कहानी,Story,कथा,கதை,କାହାଣୀ,Language
लोककथा,Folktale,लोककथा,நாட்டுப்புறக் கதை,ଲୋକନୃତ୍ୟ |,Language
परी कथा,Fairy tale,परिकथा,விசித்திரக் கதை,କାହାଣୀ |,Language
महाकाव्य,Epic,गाथा,காவியம்,ଏପିକ୍,Language
रामायण,Ramayana,रामायणः,ராமாயணம்,ରାମାୟଣ |,Language
महाभारत,Mahabharata,महाभारत,மகாபாரதம்,ମହାଭାରତ,Language
पंचतंत्र,Panchatantra,पञ्चतन्त्रम्,பஞ்சதந்திரம்,ପଞ୍ଚଚନ୍ଦ୍ର,Language
परंपरा,Tradition,परंपरा,பாரம்பரியம்,ପରମ୍ପରା,Language
संस्कृति,Culture,संस्कृति,கலாச்சாரம்,ସଂସ୍କୃତି,Language
विरासत,Heritage,परम्परा,பாரம்பரியம்,ହେରିଟେଜ୍,Language
रीति रिवाज,Customs,परंपरा,சுங்கம்,କଷ୍ଟମ୍ସ,Language
त्योहार,Festival,पर्वं,திருவிழா,ପର୍ବ,Language
दीवाली,Diwali,दिवाली,தீபாவளி,ଦିୱାଲୀ |,Language
होली,Holi,होली,ஹோலி,ହୋଲି,Language
मेला,Fair,उचितः,நியாயமான,ମେଳା |,Language
पूजा,Worship,पूज़्,வழிபாடு,ପୂଜା,Language
आरती,Aarti,आरती,ஆர்த்தி,ଆରତୀ |,Language
प्रार्थना,Prayer,प्रार्थना,பிரார்த்தனை,ପ୍ରାର୍ଥନା |,Language
आशीर्वाद,Blessing,आशीर्वादः,ஆசீர்வாதம்,ଆଶୀର୍ବାଦ,Language
इतिहास,History,इतिहास,வரலாறு,ଇତିହାସ,Language
पीढ़ी,Generation,पीढ़ी,தலைமுறை,ପି Generation ଼ି,Language
पूर्वज,Ancestors,पूर्वज,முன்னோர்கள்,ପିତୃପୁରୁଷ |,Language
बुजुर्ग,Elders,वृद्धाः,பெரியவர்கள்,ପ୍ରାଚୀନମାନେ,Language
ज्ञान,Knowledge,ज्ञानम्‌,அறிவு,ଜ୍ଞାନ,Language
शिक्षा,Education,शिक्षा,கல்வி,ଶିକ୍ଷା,Language
सीख,Lesson,पाठ,பாடம்,ଶିକ୍ଷା,Language
भाषा सेतु,BhashaSetu,भाषासेतु,பாஷாசேது,ଭାସା ସେଟୁ |,Preservation
सेतु,Bridge of connection,संयोगस्य सेतुः,இணைப்பு பாலம்,ସଂଯୋଗର ସେତୁ |,Preservation
रोबोट,Robot,रोबोट,ரோபோ,ରୋବଟ୍ |,Preservation
यंत्र,Machine,यंत्रं,இயந்திரம்,ମେସିନ୍,Preservation
कृत्रिम बुद्धि,Artificial intelligence,कृत्रिमबुद्धि,செயற்கை நுண்ணறிவு,କୃତ୍ରିମ ବୁଦ୍ଧି,Preservation
कंप्यूटर,Computer,संगणक,கணினி,କମ୍ପ୍ୟୁଟର,Preservation
प्रौद्योगिकी,Technology,तन्त्रज्ञान,தொழில்நுட்பம்,ଟେକ୍ନୋଲୋଜି |,Preservation
कैमरा,Camera,कॅमेरा,கேமரா,କ୍ୟାମେରା |,Preservation
माइक्रोफोन,Microphone,माइक्रोफोन,ஒலிவாங்கி,ମାଇକ୍ରୋଫୋନ୍ |,Preservation
रिकॉर्डिंग,Recording,रिकार्डिङ्ग,பதிவு செய்தல்,ରେକର୍ଡିଂ,Preservation
आवाज़ रिकॉर्ड करना,To record voice,स्वरं रिकार्ड् कर्तुं,குரல் பதிவு செய்ய,ସ୍ୱର ରେକର୍ଡ କରିବାକୁ |,Preservation
मैं सुन रहा हूँ,I am listening,अहं शृणोमि,நான் கேட்டுக் கொண்டிருக்கிறேன்,ମୁଁ ଶୁଣୁଛି,Preservation
कृपया बोलिए,Please speak,कृपया वदतु,தயவுசெய்து பேசுங்கள்,ଦୟାକରି କୁହନ୍ତୁ |,Preservation
कृपया दोहराइए,Please repeat,कृपया पुनः पुनः,மீண்டும் செய்யவும்,ଦୟାକରି ପୁନରାବୃତ୍ତି କରନ୍ତୁ |,Preservation
मुझे एक कहानी सुनाइए,Tell me a story,कथां कथयतु,எனக்கு ஒரு கதை சொல்லுங்கள்,ମୋତେ ଏକ କାହାଣୀ କୁହ |,Preservation
मुझे एक गीत सुनाइए,Sing me a song,गीतं मम गायतु,எனக்கு ஒரு பாடல் பாடுங்கள்,ମୋତେ ଏକ ଗୀତ ଗାନ କର |,Preservation
आपकी आवाज़ सुरक्षित है,Your voice is saved,भवतः स्वरः रक्षितः अस्ति,உங்கள் குரல் சேமிக்கப்பட்டது,ତୁମର ସ୍ୱର ସଞ୍ଚୟ ହୋଇଛି |,Preservation
रिकॉर्डिंग शुरू,Recording started,रिकार्डिङ्ग् आरब्धम्,பதிவு தொடங்கியது,ରେକର୍ଡିଂ ଆରମ୍ଭ ହେଲା |,Preservation
रिकॉर्डिंग समाप्त,Recording finished,रिकार्डिङ्ग् समाप्तम्,பதிவு முடிந்தது,ରେକର୍ଡିଂ ସମାପ୍ତ,Preservation
क्या आप थक गए हैं,Are you tired,किं त्वं श्रान्तः असि,நீங்கள் சோர்வாக இருக்கிறீர்களா,ତୁମେ କ୍ଳାନ୍ତ କି?,Preservation
आइए थोड़ा आराम करें,Let us rest a while,किञ्चित्कालं विश्रामं कुर्मः,சிறிது நேரம் ஓய்வெடுப்போம்,ଚାଲ କିଛି ସମୟ ବିଶ୍ରାମ କରିବା |,Preservation
आपका बहुत धन्यवाद,Thank you so much,भूरिशः धन्यवादाः,மிக்க நன்றி,ଆପଣଙ୍କୁ ବହୁତ ଧନ୍ୟବାଦ,Preservation
विलुप्त भाषा,Endangered language,विलुप्तप्राय भाषा,அழிந்து வரும் மொழி,ବିପଦପୂର୍ଣ୍ଣ ଭାଷା |,Preservation
विलुप्त हो रहा,Disappearing,अन्तर्धानं भवति,மறைகிறது,ଅଦୃଶ୍ୟ,Preservation
संकट में,In danger,संकटे,ஆபத்தில்,ବିପଦରେ,Preservation
भाषा संरक्षण,Language preservation,भाषासंरक्षणम्,மொழிப் பாதுகாப்பு,ଭାଷା ସଂରକ୍ଷଣ,Preservation
बचाना ज़रूरी है,Saving is essential,बचतम् अत्यावश्यकम्,சேமிப்பு அவசியம்,ସଞ୍ଚୟ ଏକାନ୍ତ ଆବଶ୍ୟକ |,Preservation
जीवित रखना,To keep alive,जीवितं स्थापयितुं,வாழ வைக்க,ବଞ୍ଚିବା ପାଇଁ |,Preservation
दस्तावेज़,Document,प्रलेख,ஆவணம்,ଡକ୍ୟୁମେଣ୍ଟ୍,Preservation
संग्रह,Collection,सङ्ग्रह,சேகரிப்பு,ସଂଗ୍ରହ,Preservation
अभिलेखागार,Archive,लेखागार,காப்பகம்,ଅଭିଲେଖାଗାର,Preservation
शोध,Research,अनुसंधानम्,ஆராய்ச்சி,ଅନୁସନ୍ଧାନ |,Preservation
साक्षात्कार,Interview,साक्षात्कारं,நேர்காணல்,ସାକ୍ଷାତକାର |,Preservation
अनुमति,Permission,अनुमति,அனுமதி,ଅନୁମତି,Preservation
सहमति,Consent,सम्मतिः,சம்மதம்,ସମ୍ମତି,Preservation
सम्मान,Respect,आदरः,மரியாதை,ସମ୍ମାନ,Preservation
गरिमा,Dignity,गौरवं,கண்ணியம்,ସମ୍ମାନ,Preservation
समुदाय,Community,समुदाय,சமூகம்,ସମ୍ପ୍ରଦାୟ,Preservation
वारली,Warli,वारली,வார்லி,ୱାର୍ଲୀ |,Preservation
आदिवासी,Tribal,आदिवासी,பழங்குடியினர்,ଆଦିବାସୀ,Preservation
वारली चित्रकला,Warli painting,वारली चित्रकला,வார்லி ஓவியம்,ୱାର୍ଲି ଚିତ୍ର,Preservation
त्रिभुज,Triangle,त्रिकोणः,முக்கோணம்,ତ୍ରିରଙ୍ଗା |,Preservation
वृत्त,Circle,वृत्त,வட்டம்,ବୃତ୍ତ,Preservation
तारपा नृत्य,Tarpa dance,तर्प नृत्य,தர்ப்பை நடனம்,ତରପା ନୃତ୍ୟ |,Preservation
पालघर,Palghar,पालघर,பால்கர்,ପାଲଘର |,Preservation
महाराष्ट्र,Maharashtra,महाराष्ट्र,மகாராஷ்டிரா,ମହାରାଷ୍ଟ୍ର,Preservation
भविष्य,Future,भविष्य,எதிர்காலம்,ଭବିଷ୍ୟତ,Preservation
अतीत,Past,भूत,கடந்த,ଅତୀତ,Preservation
वर्तमान,Present,उपस्थितः,தற்போது,ଉପସ୍ଥିତ,Preservation
नई पीढ़ी,New generation,नवीन पीढी,புதிய தலைமுறை,ନୂତନ ପି generation ଼ି,Preservation
अगली पीढ़ी के लिए,For the next generation,अग्रिमजन्मस्य कृते,அடுத்த தலைமுறைக்கு,ପରବର୍ତ୍ତୀ ପି generation ଼ି ପାଇଁ |,Preservation
आप कहाँ रहते हैं,Where do you live,तवं कुत्र वससि,நீங்கள் எங்கு வசிக்கிறீர்கள்,ଆପଣ କେଉଁଠାରେ ରୁହନ୍ତି,Sentences
आपकी उम्र क्या है,How old are you,भवतः वयः कियत्‌,உங்களுக்கு எவ்வளவு வயது,ତୁମର ବୟସ କେତେ?,Sentences
आप क्या करते हैं,What do you do,त्वं किं करोसि,நீ என்ன செய்வாய்,ତୁମେ କଣ କର,Sentences
आपको क्या पसंद है,What do you like,भवतः किं रोचते,உனக்கு என்ன பிடிக்கும்,ଆପଣ କଣ ପସନ୍ଦ କରନ୍ତି,Sentences
मुझे यह पसंद है,I like this,मम एतत् रोचते,எனக்கு இது பிடிக்கும்,ମୁଁ ଏହା ପସନ୍ଦ କରେ,Sentences
मुझे यह पसंद नहीं है,I do not like this,मम एतत् न रोचते,எனக்கு இது பிடிக்கவில்லை,ମୁଁ ଏହା ପସନ୍ଦ କରେ ନାହିଁ,Sentences
यह क्या है,What is this,इदं किं,என்ன இது,ଏହା କ’ଣ?,Sentences
वह क्या है,What is that,तत् किम्,அது என்ன,ତାହା କ’ଣ?,Sentences
यह किसका है,Whose is this,कस्य इति,இது யாருடையது,ଏହା କାହାର,Sentences
यह कितने का है,How much is this,कियत् इति,இது எவ்வளவு,ଏହା କେତେ?,Sentences
कितना समय लगेगा,How long will it take,कियत्कालं यावत् भवति,எவ்வளவு நேரம் எடுக்கும்,କେତେ ସମୟ ଲାଗିବ |,Sentences
रास्ता किधर है,Which way is the road,कः मार्गः मार्गः अस्ति,எந்த வழி சாலை,କେଉଁ ରାସ୍ତା ହେଉଛି ରାସ୍ତା |,Sentences
मुझे मदद चाहिए,I need help,मम साहाय्यस्य आवश्यकता अस्ति,எனக்கு உதவி தேவை,ମୋର ସାହାଯ୍ୟ ଦରକାର |,Sentences
क्या आप मेरी मदद करेंगे,Will you help me,किं त्वं मम साहाय्यं करिष्यसि,எனக்கு உதவி செய்வாயா,ତୁମେ ମୋତେ ସାହାଯ୍ୟ କରିବ କି?,Sentences
मैं आपकी मदद करूँगा,I will help you,अहं भवतः साहाय्यं करिष्यामि,நான் உனக்கு உதவுவேன்,ମୁଁ ତୁମକୁ ସାହାଯ୍ୟ କରିବି,Sentences
चिंता मत कीजिए,Do not worry,चिन्ता मा कुरुत,கவலைப்படாதே,ବ୍ୟସ୍ତ ହୁଅନ୍ତୁ ନାହିଁ |,Sentences
सब ठीक हो जाएगा,Everything will be fine,सर्वं सुष्ठु भविष्यति,எல்லாம் சரியாகிவிடும்,ସବୁକିଛି ଠିକ୍ ରହିବ |,Sentences
मुझे भारत से प्यार है,I love India,अहं भारतं प्रेम करोमि,நான் இந்தியாவை நேசிக்கிறேன்,ମୁଁ ଭାରତକୁ ଭଲ ପାଏ |,Sentences
मुझे अपनी भाषा से प्यार है,I love my language,मम भाषा मम बहु रोचते,நான் என் மொழியை நேசிக்கிறேன்,ମୁଁ ମୋର ଭାଷାକୁ ଭଲ ପାଏ |,Sentences
मुझे गर्व है,I am proud,अहं गर्वितः अस्मि,நான் பெருமைப்படுகிறேன்,ମୁଁ ଗର୍ବିତ,Sentences
यह बहुत सुंदर है,This is very beautiful,एतत् अतीव सुन्दरम् अस्ति,இது மிகவும் அழகாக இருக்கிறது,ଏହା ବହୁତ ସୁନ୍ଦର ଅଟେ |,Sentences
मौसम अच्छा है,The weather is nice,मौसमः सुन्दरः अस्ति,வானிலை நன்றாக இருக்கிறது,ପାଗ ଭଲ ଅଟେ |,Sentences
आज बारिश हो रही है,It is raining today,अद्य वर्षा भवति,இன்று மழை பெய்கிறது,ଆଜି ବର୍ଷା ହେଉଛି,Sentences
मैं स्कूल जाता हूँ,I go to school,अहं विद्यालयं गच्छामि,நான் பள்ளிக்குச் செல்கிறேன்,ମୁଁ ବିଦ୍ୟାଳୟକୁ ଯାଏ |,Sentences
मैं पढ़ाई करता हूँ,I am studying,अहं पठामि,நான் படிக்கிறேன்,ମୁଁ ଅଧ୍ୟୟନ କରୁଛି,Sentences
मुझे खेलना पसंद है,I like to play,मम क्रीडनं रोचते,நான் விளையாட விரும்புகிறேன்,ମୁଁ ଖେଳିବାକୁ ପସନ୍ଦ କରେ,Sentences
मुझे संगीत पसंद है,I like music,मम सङ्गीतं रोचते,எனக்கு இசை பிடிக்கும்,ମୁଁ ସଙ୍ଗୀତ ପସନ୍ଦ କରେ,Sentences
क्या आप गा सकते हैं,Can you sing,किं भवन्तः गायितुं शक्नुवन्ति,பாட முடியுமா,ତୁମେ ଗାଇ ପାରିବ କି?,Sentences
क्या आप नाच सकते हैं,Can you dance,किं भवन्तः नृत्यं कर्तुं शक्नुवन्ति,நடனமாட முடியுமா,ତୁମେ ନାଚିବ କି?,Sentences
मुझे कहानियाँ सुनना पसंद है,I love listening to stories,कथाः श्रोतुं मम बहु रोचते,எனக்கு கதைகள் கேட்பது பிடிக்கும்,ମୁଁ କାହାଣୀ ଶୁଣିବାକୁ ଭଲ ପାଏ |,Sentences
दादी कहानी सुनाती हैं,Grandmother tells stories,पितामही कथाः कथयति,பாட்டி கதைகள் சொல்கிறார்,ଜେଜେମା କାହାଣୀ କୁହନ୍ତି |,Sentences
बच्चे खेल रहे हैं,The children are playing,बालकाः क्रीडन्ति,குழந்தைகள் விளையாடுகிறார்கள்,ପିଲାମାନେ ଖେଳୁଛନ୍ତି |,Sentences
पक्षी गा रहे हैं,The birds are singing,पक्षिणः गायन्ति,பறவைகள் பாடுகின்றன,ପକ୍ଷୀମାନେ ଗୀତ ଗାଉଛନ୍ତି,Sentences
सूरज निकल रहा है,The sun is rising,सूर्योदयः,சூரியன் உதிக்கின்றது,ସୂର୍ଯ୍ୟ ଉଦୟ ହେଉଛି,Sentences
चाँद चमक रहा है,The moon is shining,चन्द्रः प्रकाशते,சந்திரன் பிரகாசிக்கிறது,ଚନ୍ଦ୍ର ଉଜ୍ଜ୍ୱଳ |,Sentences
नदी बह रही है,The river is flowing,नदी प्रवहति,ஆறு ஓடுகிறது,ନଦୀ ପ୍ରବାହିତ ହେଉଛି,Sentences
फूल खिल रहे हैं,The flowers are blooming,पुष्पाणि प्रफुल्लितानि सन्ति,பூக்கள் பூத்துக் குலுங்குகின்றன,ଫୁଲଗୁଡ଼ିକ ଫୁଲୁଛି |,Sentences
दीप जल रहा है,The lamp is burning,दीपः प्रज्वलितः अस्ति,விளக்கு எரிகிறது,ଦୀପ ଜଳୁଛି |,Sentences
दरवाज़ा खुला है,The door is open,द्वारं उद्घाटितम् अस्ति,கதவு திறந்திருக்கிறது,କବାଟ ଖୋଲା ଅଛି |,Sentences
खाना तैयार है,The food is ready,भोजनं सज्जम् अस्ति,உணவு தயாராக உள்ளது,ଖାଦ୍ୟ ପ୍ରସ୍ତୁତ |,Sentences
अंदर आइए,Please come inside,कृपया अन्तः आगच्छन्तु,தயவுசெய்து உள்ளே வாருங்கள்,ଦୟାକରି ଭିତରକୁ ଆସନ୍ତୁ |,Sentences
बैठिए,Please sit down,कृपया उपविशतु,தயவுசெய்து உட்காருங்கள்,ଦୟାକରି ବସନ୍ତୁ |,Sentences
पानी पीजिए,Please drink water,कृपया जलं पिबन्तु,தயவுசெய்து தண்ணீர் குடிக்கவும்,ଦୟାକରି ପାଣି ପିଅନ୍ତୁ |,Sentences
ध्यान से सुनिए,Listen carefully,ध्यानपूर्वकं शृणुत,கவனமாகக் கேளுங்கள்,ଭଲ ଭାବରେ ଶୁଣ |,Sentences
धीरे चलिए,Walk slowly,मन्दं गच्छतु,மெதுவாக நடக்கவும்,ଧୀରେ ଧୀରେ ଚାଲନ୍ତୁ |,Sentences
जल्दी आइए,Come quickly,शीघ्रम् आगच्छतु,சீக்கிரம் வா,ଶୀଘ୍ର ଆସ |,Sentences
यहाँ आइए,Come here,अत्र आगच्छतु,இங்கே வா,ଏଠାକୁ ଆସ |,Sentences
वहाँ जाइए,Go there,तत्र गच्छतु,அங்கே போ,ସେଠାକୁ ଯାଅ |,Sentences
रुकिए,Please stop,कृपया निवर्तते,தயவுசெய்து நிறுத்துங்கள்,ଦୟାକରି ବନ୍ଦ କରନ୍ତୁ |,Sentences
देखिए,Please look,कृपया पश्यन्तु,தயவுசெய்து பாருங்கள்,ଦୟାକରି ଦେଖନ୍ତୁ |,Sentences
सत्य बोलो,Speak the truth,सत्यं वदतु,உண்மையைப் பேசு,ସତ କୁହ,Wisdom
सत्यमेव जयते,Truth alone triumphs,सत्यमेव विजयते,உண்மை மட்டுமே வெல்லும்,କେବଳ ସତ୍ୟ ଜିତେ |,Wisdom
अतिथि देवो भव,The guest is like God,अतिथिः ईश्वर इव अस्ति,விருந்தினர் கடவுளைப் போன்றவர்,ଅତିଥି ଭଗବାନଙ୍କ ପରି |,Wisdom
विद्या धन है,Knowledge is wealth,ज्ञानं धनम्,அறிவு செல்வம்,ଜ୍ଞାନ ହେଉଛି ଧନ |,Wisdom
ज्ञान शक्ति है,Knowledge is power,ज्ञानं शक्तिः,அறிவு சக்தி,ଜ୍ଞାନ ହେଉଛି ଶକ୍ତି |,Wisdom
समय बलवान है,Time is powerful,कालः शक्तिशाली अस्ति,நேரம் சக்தி வாய்ந்தது,ସମୟ ଶକ୍ତିଶାଳୀ |,Wisdom
समय का मूल्य समझो,Value your time,स्वसमयस्य मूल्यं ददातु,உங்கள் நேரத்தை மதிப்பிடுங்கள்,ତୁମର ସମୟକୁ ମୂଲ୍ୟ ଦିଅ |,Wisdom
जीवन अनमोल है,Life is precious,जीवनं बहुमूल्यम् अस्ति,வாழ்க்கை விலைமதிப்பற்றது,ଜୀବନ ମୂଲ୍ୟବାନ ଅଟେ |,Wisdom
परिश्रम का फल मीठा होता है,The fruit of hard work is sweet,परिश्रमस्य फलं मधुरं भवति,கடின உழைப்பின் பலன் இனிமையானது,ପରିଶ୍ରମର ଫଳ ମିଠା ଅଟେ |,Wisdom
धैर्य रखो,Be patient,धैर्यं धारयतु,பொறுமையாக இருங்கள்,ଧ patient ର୍ଯ୍ୟବାନ ହୁଅ,Wisdom
आशा मत छोड़ो,Do not lose hope,आशां न त्यजन्तु,நம்பிக்கையை இழக்காதீர்கள்,ଆଶା ହରାନ୍ତୁ ନାହିଁ |,Wisdom
दूसरों की मदद करो,Help others,अन्येषां साहाय्यं कुरुत,மற்றவர்களுக்கு உதவுங்கள்,ଅନ୍ୟମାନଙ୍କୁ ସାହାଯ୍ୟ କର |,Wisdom
बड़ों का सम्मान करो,Respect your elders,भवतः वृद्धानां सम्मानं कुरुत,உங்கள் பெரியவர்களை மதிக்கவும்,ତୁମର ପ୍ରାଚୀନମାନଙ୍କୁ ସମ୍ମାନ ଦିଅ |,Wisdom
विनम्र रहो,Be humble,विनयशीलः भवतु,அடக்கமாக இருங்கள்,ନମ୍ର ହୁଅ,Wisdom
क्षमा करना सीखो,Learn to forgive,क्षन्तुं शिक्षन्तु,மன்னிக்க கற்றுக்கொள்ளுங்கள்,କ୍ଷମା କରିବାକୁ ଶିଖ |,Wisdom
ईमानदारी सबसे अच्छी नीति है,Honesty is the best policy,प्रामाणिकता एव सर्वोत्तमा नीतिः,நேர்மையே சிறந்த கொள்கை,ସଚ୍ଚୋଟତା ହେଉଛି ସର୍ବୋତ୍ତମ ନୀତି |,Wisdom
एकता में शक्ति है,There is strength in unity,एकत्वे बलं भवति,ஒற்றுமையில் பலம் உண்டு,ଏକତା ମଧ୍ୟରେ ଶକ୍ତି ଅଛି |,Wisdom
बूँद बूँद से सागर बनता है,Drop by drop makes an ocean,बिन्दुः बिन्दुः समुद्रं करोति,துளி துளி ஒரு கடலை உருவாக்குகிறது,ଡ୍ରପ୍ ଦ୍ୱାରା ଡ୍ରପ୍ ଏକ ସମୁଦ୍ର ସୃଷ୍ଟି କରେ |,Wisdom
जहाँ चाह वहाँ राह,Where there is a will there is a way,यत्र इच्छा अस्ति तत्र मार्गः अस्ति,விருப்பம் உள்ள இடத்தில் ஒரு வழி இருக்கிறது,ଯେଉଁଠାରେ ଇଚ୍ଛା ଅଛି ସେଠାରେ ଏକ ଉପାୟ ଅଛି |,Wisdom
अभ्यास से सब संभव है,Practice makes everything possible,अभ्यासः सर्वं सम्भवं करोति,பயிற்சி எல்லாவற்றையும் சாத்தியமாக்குகிறது,ଅଭ୍ୟାସ ସବୁକିଛି ସମ୍ଭବ କରିଥାଏ |,Wisdom
गिरकर उठना ही जीवन है,To fall and rise again is life,पतनं पुनरुत्थानं च जीवनम्,விழுந்து மீண்டும் எழுவதே வாழ்க்கை,ପୁନର୍ବାର ପଡ଼ିବା ଏବଂ ଉଠିବା ହେଉଛି ଜୀବନ |,Wisdom
मन के हारे हार है,Defeat begins in the mind,मनसि पराजयः आरभ्यते,தோல்வி மனதிலிருந்தே தொடங்குகிறது,ପରାଜୟ ମନରେ ଆରମ୍ଭ ହୁଏ |,Wisdom
अतीत से सीखो,Learn from the past,अतीतात् शिक्षन्तु,கடந்த காலத்திலிருந்து கற்றுக்கொள்ளுங்கள்,ଅତୀତରୁ ଶିଖ |,Wisdom
भविष्य की ओर देखो,Look toward the future,भविष्यं प्रति पश्यन्तु,எதிர்காலத்தை நோக்கி பார்,ଭବିଷ୍ୟତ ଆଡକୁ ଦେଖନ୍ତୁ |,Wisdom
प्रकृति की रक्षा करो,Protect nature,प्रकृतेः रक्षणं कुरुत,இயற்கையை பாதுகாக்கவும்,ପ୍ରକୃତିର ସୁରକ୍ଷା କରନ୍ତୁ |,Wisdom
पेड़ लगाओ,Plant trees,वृक्षान् रोपयन्तु,மரங்களை நடவும்,ଗଛ ଲଗାନ୍ତୁ |,Wisdom
पानी बचाओ,Save water,जलं रक्षतु,தண்ணீரை சேமிக்கவும்,ଜଳ ସଞ୍ଚୟ କରନ୍ତୁ |,Wisdom
संस्कृति को जीवित रखो,Keep culture alive,संस्कृतिं जीवितं कुर्वन्तु,கலாச்சாரத்தை வாழ வைக்க,ସଂସ୍କୃତିକୁ ଜୀବନ୍ତ ରଖ |,Wisdom
अपनी भाषा पर गर्व करो,Be proud of your language,स्वभाषायाः गर्वः भवतु,உங்கள் மொழியில் பெருமை கொள்ளுங்கள்,ତୁମର ଭାଷା ପାଇଁ ଗର୍ବିତ ହୁଅ |,Wisdom
भाषा संस्कृति की आत्मा है,Language is the soul of culture,भाषा संस्कृतिस्य आत्मा अस्ति,மொழி என்பது கலாச்சாரத்தின் ஆன்மா,ଭାଷା ହେଉଛି ସଂସ୍କୃତିର ଆତ୍ମା ​​|,Wisdom
हर भाषा अनमोल है,Every language is priceless,प्रत्येकं भाषा अमूल्यम् अस्ति,ஒவ்வொரு மொழியும் விலைமதிப்பற்றது,ପ୍ରତ୍ୟେକ ଭାଷା ଅମୂଲ୍ୟ ଅଟେ |,Wisdom
शब्दों में शक्ति होती है,Words have power,शब्दानां शक्तिः भवति,வார்த்தைகளுக்கு சக்தி உண்டு,ଶବ୍ଦର ଶକ୍ତି ଅଛି |,Wisdom
कहानियाँ हमें जोड़ती हैं,Stories connect us,कथाः अस्मान् संयोजयन्ति,கதைகள் நம்மை இணைக்கின்றன,କାହାଣୀ ଆମକୁ ସଂଯୋଗ କରେ |,Wisdom
बुजुर्गों की बातें सुनो,Listen to the elders,वृद्धानां वचनं शृणुत,பெரியவர்கள் சொல்வதைக் கேளுங்கள்,ପ୍ରାଚୀନମାନଙ୍କ କଥା ଶୁଣ,Wisdom
अगली पीढ़ी के लिए सोचो,Think of the next generation,अग्रिमजन्मस्य विषये चिन्तयतु,அடுத்த தலைமுறையை நினைத்துப் பாருங்கள்,ପରବର୍ତ୍ତୀ ପି generation ଼ି ବିଷୟରେ ଚିନ୍ତା କର |,Wisdom
एक बार की बात है,Once upon a time,एकदा,ஒரு காலத்தில்,ଥରେ,Stories
पहाड़ों के बीच एक छोटा सा गाँव था,There was a small village among the mountains,पर्वतानां मध्ये एकः लघुः ग्रामः आसीत्,மலைகளுக்கு நடுவே ஒரு சிறிய கிராமம் இருந்தது,ପର୍ବତମାନଙ୍କ ମଧ୍ୟରେ ଏକ ଛୋଟ ଗାଁ ଥିଲା |,Stories
उस गाँव में एक बुज़ुर्ग महिला रहती थी,An elderly woman lived in that village,तस्मिन् ग्रामे एका वृद्धा महिला निवसति स्म,அந்த ஊரில் ஒரு வயதான பெண்மணி வசித்து வந்தார்,ସେହି ଗାଁରେ ଜଣେ ବୃଦ୍ଧ ମହିଳା ରହୁଥିଲେ,Stories
वह अपनी पुरानी भाषा बोलती थी,She spoke her old language,सा स्वस्य पुरातनभाषां वदति स्म,அவள் பழைய மொழி பேசினாள்,ସେ ତାଙ୍କର ପୁରୁଣା ଭାଷା କହିଥିଲେ,Stories
उसकी कहानियाँ बहुत सुंदर थीं,Her stories were very beautiful,तस्याः कथाः अतीव सुन्दराः आसन्,அவளுடைய கதைகள் மிகவும் அழகாக இருந்தன,ତାଙ୍କର କାହାଣୀ ବହୁତ ସୁନ୍ଦର ଥିଲା |,Stories
लेकिन अब कोई सुनने वाला नहीं था,But now there was no one to listen,परन्तु इदानीं श्रोतुं कोऽपि नासीत्,ஆனால் இப்போது கேட்க யாரும் இல்லை,କିନ୍ତୁ ବର୍ତ୍ତମାନ ଶୁଣିବାକୁ କେହି ନଥିଲେ,Stories
बच्चे शहर चले गए थे,The children had moved to the city,बालकाः नगरं गतवन्तः आसन्,பிள்ளைகள் ஊருக்குச் சென்றுவிட்டனர்,ପିଲାମାନେ ସହରକୁ ଯାଇଥିଲେ,Stories
उसकी भाषा धीरे धीरे खो रही थी,Her language was slowly being lost,तस्याः भाषा शनैः शनैः नष्टा भवति स्म,அவளுடைய மொழி மெல்ல மெல்ல அழிந்தது,ତା’ର ଭାଷା ଧୀରେ ଧୀରେ ହଜିଯାଉଥିଲା |,Stories
एक दिन एक छोटा रोबोट गाँव आया,One day a small robot came to the village,एकस्मिन् दिने एकः लघुः रोबोट् ग्रामम् आगतः,ஒரு நாள் அந்த கிராமத்திற்கு ஒரு சிறிய ரோபோ வந்தது,ଦିନେ ଏକ ଛୋଟ ରୋବଟ୍ ଗାଁକୁ ଆସିଲା |,Stories
उसका नाम भाषा सेतु था,Its name was BhashaSetu,अस्य नाम भाषासेतुः आसीत्,அதன் பெயர் பாஷாசேது,ଏହାର ନାମ ଭାସା ସେଟୁ ଥିଲା |,Stories
रोबोट ने कहा मुझे एक कहानी सुनाइए,The robot said tell me a story,रोबोट् अवदत् कथां कथयतु,ரோபோ ஒரு கதை சொல்லு என்றது,ରୋବଟ୍ କହିଲା ମୋତେ ଏକ କାହାଣୀ କୁହ |,Stories
महिला मुस्कुराई और बोलने लगी,The woman smiled and began to speak,सा स्त्रियाः स्मितं कृत्वा वक्तुं आरब्धा,அந்தப் பெண் சிரித்துக் கொண்டே பேச ஆரம்பித்தாள்,ମହିଳା ଜଣକ ହସି ହସିବାକୁ ଲାଗିଲେ,Stories
रोबोट ने हर शब्द रिकॉर्ड किया,The robot recorded every word,रोबोट् प्रत्येकं शब्दं अभिलेखयति स्म,ரோபோ ஒவ்வொரு வார்த்தையையும் பதிவு செய்தது,ରୋବଟ୍ ପ୍ରତ୍ୟେକ ଶବ୍ଦକୁ ରେକର୍ଡ କଲା |,Stories
अब उसकी कहानियाँ हमेशा जीवित रहेंगी,Now her stories will live forever,इदानीं तस्याः कथाः सदा जीविष्यन्ति,இப்போது அவளுடைய கதைகள் என்றென்றும் வாழும்,ବର୍ତ୍ତମାନ ତାଙ୍କ କାହାଣୀ ସବୁଦିନ ପାଇଁ ବଞ୍ଚିବ |,Stories
भाषा बच गई और गाँव खुश हुआ,The language was saved and the village rejoiced,"भाषा उद्धारिता, ग्रामः आनन्दितः अभवत्",மொழி காப்பாற்றப்பட்டு ஊர் மகிழ்ந்தது,ଭାଷା ସଞ୍ଚୟ ହେଲା ଏବଂ ଗାଁ ଆନନ୍ଦିତ ହେଲା |,Stories
महाराष्ट्र के जंगलों में वारली लोग रहते हैं,The Warli people live in the forests of Maharashtra,वारलीजनाः महाराष्ट्रस्य वनेषु निवसन्ति,மகாராஷ்டிரா காடுகளில் வார்லி இன மக்கள் வாழ்கின்றனர்,ୱାର୍ଲି ଲୋକମାନେ ମହାରାଷ୍ଟ୍ରର ଜଙ୍ଗଲରେ ରୁହନ୍ତି |,Stories
वे मिट्टी के घरों की दीवारों पर चित्र बनाते हैं,They paint pictures on the walls of mud houses,पङ्कगृहाणां भित्तिषु चित्राणि रचयन्ति,மண் வீடுகளின் சுவர்களில் படங்களை வரைகிறார்கள்,ସେମାନେ କାଦୁଅ ଘରର କାନ୍ଥରେ ଚିତ୍ର ଆଙ୍କନ୍ତି |,Stories
सफेद रंग से त्रिभुज और वृत्त बनते हैं,Triangles and circles are made with white color,श्वेतवर्णेन त्रिकोणमण्डलानि च भवन्ति,முக்கோணங்கள் மற்றும் வட்டங்கள் வெள்ளை நிறத்தில் செய்யப்படுகின்றன,ତ୍ରିରଙ୍ଗା ଏବଂ ବୃତ୍ତଗୁଡ଼ିକ ଧଳା ରଙ୍ଗରେ ତିଆରି |,Stories
हर चित्र एक कहानी कहता है,Every painting tells a story,प्रत्येकं चित्रं कथां कथयति,ஒவ்வொரு ஓவியமும் ஒரு கதை சொல்கிறது,ପ୍ରତ୍ୟେକ ଚିତ୍ର ଏକ କାହାଣୀ କହିଥାଏ |,Stories
एक युवा लड़की ने अपनी दादी से पूछा,A young girl asked her grandmother,एकः बालिका स्वपितामहीम् अपृच्छत्,ஒரு இளம் பெண் தன் பாட்டியிடம் கேட்டாள்,ଜଣେ ଯୁବତୀ ତାଙ୍କ ଜେଜେମା’ଙ୍କୁ ପଚାରିଥିଲେ,Stories
ये चित्र क्या कहते हैं,What do these paintings say,एते चित्राणि किं वदन्ति,இந்த ஓவியங்கள் என்ன சொல்கின்றன,ଏହି ଚିତ୍ରଗୁଡ଼ିକ କ’ଣ କୁହନ୍ତି |,Stories
दादी ने कहा ये हमारे पूर्वजों की आवाज़ हैं,Grandmother said these are the voices of our ancestors,पितामही अवदत् एतानि अस्माकं पूर्वजानां स्वराः,இவை நம் முன்னோர்களின் குரல்கள் என்றார் பாட்டி,ଜେଜେମା କହିଛନ୍ତି ଏମାନେ ଆମର ପୂର୍ବଜଙ୍କ ସ୍ୱର,Stories
ये फसल और बारिश की कहानियाँ हैं,These are stories of harvest and rain,एतानि फलानां वर्षाणां च कथाः सन्ति,இவை அறுவடை மற்றும் மழை பற்றிய கதைகள்,ଏଗୁଡ଼ିକ ଅମଳ ଏବଂ ବର୍ଷାର କାହାଣୀ |,Stories
ये तारपा नृत्य की खुशी दिखाते हैं,They show the joy of the Tarpa dance,तर्पनृत्यस्य आनन्दं दर्शयन्ति,அவர்கள் தர்ப்பை நடனத்தின் மகிழ்ச்சியைக் காட்டுகிறார்கள்,ସେମାନେ ତରପା ନୃତ୍ୟର ଆନନ୍ଦ ପ୍ରଦର୍ଶନ କରନ୍ତି |,Stories
लड़की ने चित्र बनाना सीखा,The girl learned to paint,बालिका चित्रकला शिक्षते स्म,பெண் ஓவியம் வரைவதற்கு கற்றுக்கொண்டாள்,Girl ିଅଟି ରଙ୍ଗ କରିବା ଶିଖିଲା |,Stories
उसने अपने चित्रों में नई कहानियाँ जोड़ीं,She added new stories to her paintings,सा स्वचित्रेषु नूतनाः कथाः योजितवती,அவர் தனது ஓவியங்களில் புதிய கதைகளைச் சேர்த்தார்,ସେ ତାଙ୍କ ଚିତ୍ରରେ ନୂତନ କାହାଣୀ ଯୋଡିଥିଲେ |,Stories
परंपरा एक पीढ़ी से दूसरी पीढ़ी तक चली,The tradition passed from one generation to the next,परम्परा एकस्मात् पीढीतः परं पीढीं यावत् गता,பாரம்பரியம் ஒரு தலைமுறையிலிருந்து அடுத்த தலைமுறைக்கு சென்றது,ପରମ୍ପରା ଗୋଟିଏ ପି generation ଼ିରୁ ଅନ୍ୟ ପି to ିକୁ ଚାଲିଗଲା |,Stories
कला कभी नहीं मरती,Art never dies,कला कदापि न म्रियते,கலை என்றும் அழியாது,କଳା କଦାପି ମରନ୍ତି ନାହିଁ |,Stories
एक गाँव के पास एक सुंदर नदी बहती थी,A beautiful river flowed near a village,एकस्य ग्रामस्य समीपे एकः सुन्दरः नदी प्रवहति स्म,ஒரு கிராமத்தின் அருகே ஒரு அழகான ஆறு ஓடிக்கொண்டிருந்தது,ଏକ ଗାଁ ନିକଟରେ ଏକ ସୁନ୍ଦର ନଦୀ ପ୍ରବାହିତ ହେଲା |,Stories
गाँव के लोग नदी से पानी लेते थे,The village people took water from the river,ग्रामजनाः नदीतः जलं गृहीतवन्तः,கிராம மக்கள் ஆற்றில் தண்ணீர் எடுத்தனர்,ଗାଁର ଲୋକମାନେ ନଦୀରୁ ପାଣି ନେଇଥିଲେ,Stories
किसान अपने खेतों को सींचते थे,The farmers watered their fields,कृषकाः स्वक्षेत्राणि सिञ्चन्ति,விவசாயிகள் தங்கள் வயல்களுக்கு தண்ணீர் விடுகிறார்கள்,କୃଷକମାନେ ସେମାନଙ୍କର କ୍ଷେତକୁ ଜଳ ଦିଅନ୍ତି |,Stories
बच्चे नदी के किनारे खेलते थे,The children played by the riverbank,बालाः नदीतीरे क्रीडन्ति स्म,குழந்தைகள் ஆற்றங்கரையில் விளையாடினர்,ପିଲାମାନେ ନଦୀ କୂଳରେ ଖେଳୁଥିଲେ |,Stories
एक साल बारिश नहीं हुई,One year it did not rain,एकवर्षे वर्षा न अभवत्,ஒரு வருடம் மழை பெய்யவில்லை,ଗୋଟିଏ ବର୍ଷ ବର୍ଷା ହୋଇନଥିଲା,Stories
नदी सूखने लगी,The river began to dry,नदी शुष्कतां प्रारभत,ஆறு வறண்டு போக ஆரம்பித்தது,ନଦୀ ଶୁଖିବାକୁ ଲାଗିଲା,Stories
गाँव के बुज़ुर्ग ने सबको बुलाया,The village elder called everyone,ग्रामवृद्धः सर्वान् आहूतवान्,ஊர் பெரியவர் அனைவரையும் அழைத்தார்,ଗାଁ ପ୍ରାଚୀନ ସମସ୍ତଙ୍କୁ ଡାକିଲେ,Stories
उन्होंने कहा हमें मिलकर काम करना होगा,He said we must work together,सः अवदत् यत् अस्माभिः मिलित्वा कार्यं कर्तव्यम्,நாம் இணைந்து செயல்பட வேண்டும் என்றார்,ଆମେ ଏକାଠି କାମ କରିବା ଜରୁରୀ ବୋଲି ସେ କହିଛନ୍ତି,Stories
सबने मिलकर तालाब खोदा,Everyone dug a pond together,सर्वे मिलित्वा तडागं खनितवन्तः,எல்லோரும் சேர்ந்து குளம் தோண்டினார்கள்,ସମସ୍ତେ ଏକାଠି ଏକ ପୋଖରୀ ଖୋଳିଲେ |,Stories
सबने पेड़ लगाए,Everyone planted trees,सर्वे वृक्षाः रोपितवन्तः,அனைவரும் மரங்களை நட்டனர்,ସମସ୍ତେ ଗଛ ଲଗାଇଲେ,Stories
अगले साल खूब बारिश हुई,The next year it rained a lot,परवर्षे बहु वर्षा अभवत्,அடுத்த வருடம் நிறைய மழை பெய்தது,ପରବର୍ତ୍ତୀ ବର୍ଷ ବହୁତ ବର୍ଷା ହୋଇଥିଲା |,Stories
नदी फिर से बहने लगी,The river began to flow again,नदी पुनः प्रवाहितुं आरब्धा,நதி மீண்டும் ஓட ஆரம்பித்தது,ନଦୀ ପୁଣି ପ୍ରବାହିତ ହେବାକୁ ଲାଗିଲା,Stories
तीन दोस्तों ने एक रोबोट बनाया,Three friends built a robot,त्रयः मित्राणि रोबोट् निर्मितवन्तः,மூன்று நண்பர்கள் ஒரு ரோபோவை உருவாக்கினர்,ତିନିଜଣ ବନ୍ଧୁ ଏକ ରୋବଟ୍ ନିର୍ମାଣ କରିଥିଲେ |,Stories
रोबोट का आकार एक पीतल की लालटेन जैसा था,The robot was shaped like a brass lantern,रोबोट् पीतले दीपस्य आकारः आसीत्,ரோபோ பித்தளை விளக்கு போல வடிவமைக்கப்பட்டது,ରୋବଟଟି ଏକ ପିତ୍ତଳ ଲଣ୍ଠନ ପରି ଆକୃତିର ଥିଲା |,Stories
उसका काम था भाषाओं को बचाना,Its job was to save languages,अस्य कार्यं भाषाणां रक्षणम् आसीत्,மொழிகளைக் காப்பதே அதன் பணியாக இருந்தது,ଭାଷା ସଞ୍ଚୟ କରିବା ଏହାର କାମ ଥିଲା,Stories
रोबोट गाँव गाँव घूमता था,The robot traveled from village to village,रोबोट् ग्रामात् ग्रामे गच्छति स्म,ரோபோ கிராமம் கிராமமாக பயணித்தது,ରୋବଟ୍ ଗାଁରୁ ଗାଁକୁ ଯାତ୍ରା କଲା |,Stories
वह बुज़ुर्गों के पास जाकर रुकता था,It would stop near the elders,वृद्धानां समीपे एव स्थगितम् आसीत्,பெரியவர்கள் அருகில் நின்றுவிடும்,ଏହା ପ୍ରାଚୀନମାନଙ୍କ ନିକଟରେ ବନ୍ଦ ହୋଇଯିବ |,Stories
वह कहता था नमस्ते मैं सुन रहा हूँ,It would say hello I am listening,नमस्कारं शृणोमि इति वदिष्यति स्म,அது வணக்கம் நான் கேட்கிறேன் என்று சொல்லும்,ଏହା ମୁଁ କହିବି ନମସ୍କାର |,Stories
लोग उसे अपनी कहानियाँ सुनाते थे,People told it their stories,जनाः तत् स्वकथाः कथयन्ति स्म,மக்கள் தங்கள் கதைகளைச் சொன்னார்கள்,ଲୋକମାନେ ଏହାକୁ ସେମାନଙ୍କର କାହାଣୀ କହିଥିଲେ |,Stories
वह गीत और लोरियाँ रिकॉर्ड करता था,It recorded songs and lullabies,"अस्मिन् गीतानि, लोरीगीतानि च अभिलेखितानि आसन्",இது பாடல்களையும் தாலாட்டுகளையும் பதிவு செய்தது,ଏଥିରେ ଗୀତ ଏବଂ ଲୁଲାବି ରେକର୍ଡ କରାଯାଇଥିଲା |,Stories
जब कोई थक जाता तो वह कहता,When someone got tired it would say,यदा कश्चित् श्रान्तः भवति स्म तदा वदति स्म,யாராவது சோர்வாக இருக்கும்போது அது சொல்லும்,ଯେତେବେଳେ କେହି ଥକିଗଲେ ଏହା କହିବ |,Stories
धीरे धीरे उसने सैकड़ों आवाज़ें इकट्ठी कीं,Slowly it collected hundreds of voices,शनैः शनैः शतशः स्वराः सङ्गृहीताः,மெதுவாக அது நூற்றுக்கணக்கான குரல்களை சேகரித்தது,ଧୀରେ ଧୀରେ ଏହା ଶହ ଶହ ସ୍ୱର ସଂଗ୍ରହ କଲା |,Stories
हर आवाज़ एक खज़ाना थी,Every voice was a treasure,प्रत्येकं स्वरं निधिः आसीत्,ஒவ்வொரு குரலும் பொக்கிஷமாக இருந்தது,ପ୍ରତ୍ୟେକ ସ୍ୱର ଏକ ଭଣ୍ଡାର ଥିଲା |,Stories
बच्चों ने उन आवाज़ों से अपनी भाषा सीखी,The children learned their language from those voices,तेभ्यः स्वरेभ्यः बालकाः स्वभाषां शिक्षन्ति स्म,அந்தக் குரல்களில் இருந்து குழந்தைகள் தங்கள் மொழியைக் கற்றுக்கொண்டனர்,ପିଲାମାନେ ସେହି ସ୍ୱରରୁ ସେମାନଙ୍କର ଭାଷା ଶିଖିଲେ |,Stories
इस तरह भाषा सेतु ने अतीत और भविष्य को जोड़ा,In this way BhashaSetu connected the past and the future,एवं भाषासेतुः अतीतं भविष्यं च संयोजितवान्,இந்த வழியில் பாஷாசேது கடந்த காலத்தையும் எதிர்காலத்தையும் இணைத்தார்,ଏହିପରି ଭାବରେ ଭାସା ସେଟୁ ଅତୀତ ଏବଂ ଭବିଷ୍ୟତକୁ ସଂଯୋଗ କଲା |,Stories
