hindi_phrase,english_translation,sanskrit_translation,tamil_translation,category
नमस्ते,Hello,नमस्ते,வணக்கம்,Greetings
नमस्कार,Greetings,अभिवादन,வாழ்த்துக்கள்,Greetings
सुप्रभात,Good morning,सुप्रभातम्‌,காலை வணக்கம்,Greetings
शुभ संध्या,Good evening,शुभसन्ध्या,மாலை வணக்கம்,Greetings
शुभ रात्रि,Good night,शुभरात्रि,நல்ல இரவு,Greetings
स्वागत है,Welcome,स्वागतम्‌,வரவேற்கிறோம்,Greetings
अलविदा,Goodbye,पुनर्दर्शनाय,குட்பை,Greetings
फिर मिलेंगे,See you again,पुनः पश्यामः,மீண்டும் சந்திப்போம்,Greetings
धन्यवाद,Thank you,धन्यवाद,நன்றி,Greetings
बहुत धन्यवाद,Thank you very much,नैकधन्यवादाः,மிக்க நன்றி,Greetings
कृपया,Please,कृपया,தயவுசெய்து,Greetings
क्षमा करें,Excuse me,क्षमा प्रयच्छ मे,மன்னிக்கவும்,Greetings
माफ़ कीजिए,I am sorry,क्षम्यतां,மன்னிக்கவும்,Greetings
कोई बात नहीं,No problem,कापि समस्या न,பிரச்சனை இல்லை,Greetings
हाँ,Yes,आम्‌,ஆம்,Greetings
नहीं,No,नहि,இல்லை,Greetings
शायद,Maybe,भवेत्‌,இருக்கலாம்,Greetings
ठीक है,Okay,अस्तु,சரி,Greetings
क्या हाल है,How are you,भवान्‌ कथमसि,எப்படி இருக்கிறீர்கள்,Greetings
मैं ठीक हूँ,I am fine,अहं कुशलं अस्मि,நான் நன்றாக இருக்கிறேன்,Greetings
आप कैसे हैं,How are you formal,कथं त्वं औपचारिकः असि,எப்படி ஃபார்மல்,Greetings
बहुत अच्छा,Very good,अति उत्तम,மிகவும் நல்லது,Greetings
मुझे खुशी हुई,Nice to meet you,मेलनेन बहु सन्तोषः,உங்களை சந்தித்ததில் மகிழ்ச்சி,Greetings
आपसे मिलकर अच्छा लगा,It was nice meeting you,भवता सह मिलित्वा आनन्दः अभवत्,உங்களை சந்தித்ததில் மகிழ்ச்சியாக இருந்தது,Greetings
मेरा नाम है,My name is,मम नाम अस्ति,என் பெயர்,Greetings
आपका नाम क्या है,What is your name,भवतः नाम किमस्ति,உங்கள் பெயர் என்ன,Greetings
मैं भारत से हूँ,I am from India,अहं भारतस्य अस्मि,நான் இந்தியாவைச் சேர்ந்தவன்,Greetings
आप कहाँ से हैं,Where are you from,भवान्‌ कुतः अस्ति,நீங்கள் எங்கிருந்து வருகிறீர்கள்,Greetings
मुझे हिंदी आती है,I know Hindi,अहं हिन्दीभाषां जानामि,எனக்கு ஹிந்தி தெரியும்,Greetings
मुझे थोड़ी हिंदी आती है,I know a little Hindi,अहं किञ्चित् हिन्दीभाषां जानामि,எனக்கு கொஞ்சம் ஹிந்தி தெரியும்,Greetings
धीरे बोलिए,Please speak slowly,कृपया मन्दं वदतु,தயவுசெய்து மெதுவாக பேசுங்கள்,Greetings
फिर से कहिए,Please say again,कृपया पुनः वदतु,மீண்டும் சொல்லுங்கள்,Greetings
मैं समझ गया,I understood,अहं अवगच्छामि स्म,புரிந்து கொண்டேன்,Greetings
मैं नहीं समझा,I did not understand,अहं न अवगच्छामि स्म,எனக்குப் புரியவில்லை,Greetings
एक,One,एकम्‌,ஒன்று,Numbers
दो,Two,द्वि,இரண்டு,Numbers
तीन,Three,त्रयः,மூன்று,Numbers
चार,Four,चतुः,நான்கு,Numbers
पाँच,Five,पंचं,ஐந்து,Numbers
छह,Six,षष्टं,ஆறு,Numbers
सात,Seven,सप्त,ஏழு,Numbers
आठ,Eight,अष्ट,எட்டு,Numbers
नौ,Nine,नवं,ஒன்பது,Numbers
दस,Ten,दशम,பத்து,Numbers
ग्यारह,Eleven,एकादशं,பதினோரு,Numbers
बारह,Twelve,द्विदशकं,பன்னிரண்டு,Numbers
तेरह,Thirteen,त्रयोदश,பதின்மூன்று,Numbers
चौदह,Fourteen,चतुर्दश,பதினான்கு,Numbers
पंद्रह,Fifteen,पञ्चदश,பதினைந்து,Numbers
सोलह,Sixteen,षोडशन्,பதினாறு,Numbers
सत्रह,Seventeen,सप्तदश,பதினேழு,Numbers
अठारह,Eighteen,अष्टदश,பதினெட்டு,Numbers
उन्नीस,Nineteen,एकोनविम्शति,பத்தொன்பது,Numbers
बीस,Twenty,विंशति,இருபது,Numbers
पच्चीस,Twenty five,पञ्चविंशतिः,இருபத்தி ஐந்து,Numbers
तीस,Thirty,त्रिंशत्,முப்பது,Numbers
पैंतीस,Thirty five,पञ्चत्रिंशत्,முப்பத்தி ஐந்து,Numbers
चालीस,Forty,चत्वारिंशत्,நாற்பது,Numbers
पैंतालीस,Forty five,पञ्चचत्वारिंशत्,நாற்பத்தி ஐந்து,Numbers
पचास,Fifty,पञ्चाशा,ஐம்பது,Numbers
साठ,Sixty,षष्टि,அறுபது,Numbers
सत्तर,Seventy,सप्तति,எழுபது,Numbers
अस्सी,Eighty,अशीति,எண்பது,Numbers
नब्बे,Ninety,नवति,தொண்ணூறு,Numbers
सौ,One hundred,शतं,நூறு,Numbers
हज़ार,One thousand,सहस्रम्,ஆயிரம்,Numbers
लाख,One hundred thousand,लक्षम्,ஒரு லட்சம்,Numbers
करोड़,Ten million,कोटिः,பத்து மில்லியன்,Numbers
पहला,First,प्रथमः,முதலில்,Numbers
दूसरा,Second,क्षण,இரண்டாவது,Numbers
तीसरा,Third,तृतीयं,மூன்றாவது,Numbers
आधा,Half,अर्ध,பாதி,Numbers
पूरा,Full,पूर्ण,முழு,Numbers
कुछ,Some,केचन,சில,Numbers
बहुत,Many,बहवः,பல,Numbers
थोड़ा,A little,तनिक,கொஞ்சம்,Numbers
सब,All,सर्वे,அனைத்து,Numbers
कुछ नहीं,Nothing,किमपि न,ஒன்றுமில்லை,Numbers
सोमवार,Monday,सोमवारं,திங்கட்கிழமை,Time
मंगलवार,Tuesday,मङ्गलवारः,செவ்வாய்,Time
बुधवार,Wednesday,बुधवारः,புதன்,Time
गुरुवार,Thursday,बृहस्पतिवारः,வியாழன்,Time
शुक्रवार,Friday,शुक्रवारं,வெள்ளிக்கிழமை,Time
शनिवार,Saturday,शनिवारं,சனிக்கிழமை,Time
रविवार,Sunday,रविवारं,ஞாயிறு,Time
आज,Today,अद्य,இன்று,Time
कल,Tomorrow,श्वः,நாளை,Time
बीता हुआ कल,Yesterday,ह्यः,நேற்று,Time
परसों,Day after tomorrow,श्वः परदिनम्,நாளை மறுநாள்,Time
अभी,Now,अधुना,இப்போது,Time
बाद में,Later,कालान्तरे,பின்னர்,Time
जल्दी,Early,शीघ्रम्‌,ஆரம்ப,Time
देर से,Late,विलम्बेन,தாமதமானது,Time
सुबह,Morning,प्रातः,காலை,Time
दोपहर,Noon,अपराह्न,நண்பகல்,Time
शाम,Evening,सायंकालः,மாலை,Time
रात,Night,निशा,இரவு,Time
भोर,Dawn,प्रदोषः,விடியல்,Time
आधी रात,Midnight,मध्यरात्री,நள்ளிரவு,Time
दिन,Day,दिनं,நாள்,Time
सप्ताह,Week,सप्ताहः,வாரம்,Time
महीना,Month,माह,மாதம்,Time
साल,Year,वर्ष,ஆண்டு,Time
घंटा,Hour,घटकः,மணி,Time
मिनट,Minute,क्षणं,நிமிடம்,Time
पल,Moment,क्षण,கணம்,Time
समय,Time,कालः,நேரம்,Time
समय क्या हुआ है,What time is it,कः कालः,மணி என்ன,Time
गर्मी का मौसम,Summer season,ग्रीष्मकालः,கோடை காலம்,Time
सर्दी का मौसम,Winter season,शिशिरस्य ऋतुः,குளிர்காலம்,Time
बरसात का मौसम,Rainy season,वर्षाऋतुः,மழைக்காலம்,Time
वसंत ऋतु,Spring season,वसन्तऋतुः,வசந்த காலம்,Time
हर दिन,Every day,प्रतिदिनं,ஒவ்வொரு நாளும்,Time
हर साल,Every year,प्रतिवर्षम्,ஒவ்வொரு வருடமும்,Time
कभी कभी,Sometimes,कदाचित्‌,சில சமயம்,Time
हमेशा,Always,सर्वदा,எப்போதும்,Time
कभी नहीं,Never,कदापि न,ஒருபோதும் இல்லை,Time
लाल,Red,रक्त,சிவப்பு,Colors
नीला,Blue,नील,நீலம்,Colors
पीला,Yellow,पीतं,மஞ்சள்,Colors
हरा,Green,हरित,பச்சை,Colors
काला,Black,कृष्णः,கருப்பு,Colors
सफेद,White,श्वेतः,வெள்ளை,Colors
गुलाबी,Pink,पाटल,இளஞ்சிவப்பு,Colors
नारंगी,Orange color,नारङ्गवर्णः,ஆரஞ்சு நிறம்,Colors
बैंगनी,Purple,शोण,ஊதா,Colors
भूरा,Brown,पिङ्गल,பழுப்பு,Colors
सुनहरा,Golden,स्वर्णम्,தங்கம்,Colors
चाँदी जैसा,Silver,रजत,வெள்ளி,Colors
गहरा रंग,Dark color,कृष्णवर्णः,அடர் நிறம்,Colors
हल्का रंग,Light color,लघुवर्णः,வெளிர் நிறம்,Colors
रंग बिरंगा,Colorful,रङ्गिणी,வண்ணமயமான,Colors
सिर,Head,शिरः,தலை,Body
बाल,Hair,केशः,முடி,Body
आँख,Eye,नेत्र,கண்,Body
कान,Ear,कर्ण,காது,Body
नाक,Nose,नासिका,மூக்கு,Body
मुँह,Mouth,मुख,வாய்,Body
दाँत,Teeth,दंत,பற்கள்,Body
जीभ,Tongue,जिह्वा,நாக்கு,Body
गला,Throat,कण्ठ,தொண்டை,Body
गर्दन,Neck,ग्रीवा,கழுத்து,Body
कंधा,Shoulder,स्कन्ध,தோள்பட்டை,Body
हाथ,Hand,हस्त,கை,Body
उँगली,Finger,अङ्गुली,விரல்,Body
पेट,Stomach,उदर,வயிறு,Body
पीठ,Back,पृष्ठभागः,மீண்டும்,Body
पैर,Leg,टङ्का,கால்,Body
घुटना,Knee,जानुक,முழங்கால்,Body
दिल,Heart,हृदयम्‌,இதயம்,Body
दिमाग,Brain,मस्तिष्क,மூளை,Body
खून,Blood,रक्त,இரத்தம்,Body
हड्डी,Bone,अस्थि,எலும்பு,Body
त्वचा,Skin,चर्म,தோல்,Body
आवाज़,Voice,ध्वनि,குரல்,Body
साँस,Breath,श्वशन,மூச்சு,Body
मुस्कान,Smile,स्मितः,புன்னகை,Body
माता,Mother,माता,அம்மா,Family
पिता,Father,पिता,அப்பா,Family
माँ,Mom,माता,அம்மா,Family
पापा,Dad,पिता,அப்பா,Family
भाई,Brother,भ्राता,அண்ணன்,Family
बहन,Sister,भगिनी,சகோதரி,Family
बड़ा भाई,Elder brother,अग्रजः,மூத்த சகோதரர்,Family
छोटी बहन,Younger sister,अनुज भगिनी,இளைய சகோதரி,Family
दादा,Grandfather,पितामहः,தாத்தா,Family
दादी,Grandmother,पितामही,பாட்டி,Family
नाना,Maternal grandfather,मातृपितामहः,தாய்வழி தாத்தா,Family
नानी,Maternal grandmother,मातृपितामही,தாய்வழி பாட்டி,Family
बेटा,Son,पुत्रः,மகன்,Family
बेटी,Daughter,पुत्री,மகள்,Family
पति,Husband,भर्ता,கணவன்,Family
पत्नी,Wife,भार्या,மனைவி,Family
चाचा,Paternal uncle,पितृक मामा,பாட்டன் மாமா,Family
चाची,Paternal aunt,पितृक माकी,தந்தைவழி அத்தை,Family
मामा,Maternal uncle,मातुलः,தாய்வழி மாமன்,Family
मामी,Maternal aunt,मातृका माकी,தாய்வழி அத்தை,Family
भतीजा,Nephew,भ्रातृ सूतः,மருமகன்,Family
भतीजी,Niece,भातृजा,மருமகள்,Family
पोता,Grandson,पौत्रः,பேரன்,Family
पोती,Granddaughter,पौत्री,பேத்தி,Family
परिवार,Family,परिवारं,குடும்பம்,Family
रिश्तेदार,Relatives,संबंधीजनाः,உறவினர்கள்,Family
पड़ोसी,Neighbor,प्रतिवेशी,பக்கத்து வீட்டுக்காரர்,Family
दोस्त,Friend,मित्रम्,நண்பர்,Family
सबसे अच्छा दोस्त,Best friend,परम मित्रम्,சிறந்த நண்பர்,Family
मेहमान,Guest,अतिथि,விருந்தினர்,Family
कुत्ता,Dog,कुक्कुरः,நாய்,Animals
बिल्ली,Cat,मार्जारः,பூனை,Animals
गाय,Cow,गो,பசு,Animals
भैंस,Buffalo,महिषः,எருமை,Animals
बकरी,Goat,अजा,ஆடு,Animals
भेड़,Sheep,मेष,ஆடு,Animals
घोड़ा,Horse,घोटकः,குதிரை,Animals
हाथी,Elephant,गज,யானை,Animals
शेर,Lion,सिंहः,சிங்கம்,Animals
बाघ,Tiger,व्याघ्रः,புலி,Animals
बंदर,Monkey,वानरः,குரங்கு,Animals
भालू,Bear,भल्लूकः,கரடி,Animals
हिरण,Deer,मृग,மான்,Animals
लोमड़ी,Fox,लोमशा,நரி,Animals
खरगोश,Rabbit,शशकः,முயல்,Animals
चूहा,Mouse,मूषकः,சுட்டி,Animals
साँप,Snake,सर्प,பாம்பு,Animals
मछली,Fish,मीन,மீன்,Animals
पक्षी,Bird,पक्षी,பறவை,Animals
कौआ,Crow,काक,காகம்,Animals
तोता,Parrot,शुकः,கிளி,Animals
मोर,Peacock,मयूरः,மயில்,Animals
कबूतर,Pigeon,कपोतः,புறா,Animals
मुर्गी,Hen,कुक्कुटः,கோழி,Animals
बत्तख,Duck,कादम्ब,வாத்து,Animals
उल्लू,Owl,उलूक,ஆந்தை,Animals
तितली,Butterfly,चित्रपतङ्ग,பட்டாம்பூச்சி,Animals
मधुमक्खी,Honeybee,मधुमक्षिका,தேனீ,Animals
चींटी,Ant,अन्त,எறும்பு,Animals
मकड़ी,Spider,मकड़ी,சிலந்தி,Animals
मेंढक,Frog,मंडूक,தவளை,Animals
कछुआ,Turtle,कच्छप,ஆமை,Animals
ऊँट,Camel,उष्ट्रः,ஒட்டகம்,Animals
गधा,Donkey,गर्दभ,கழுதை,Animals
जानवर,Animal,पशु,விலங்கு,Animals
खाना,Food,आहारः,உணவு,Food
पानी,Water,जलम्‌,தண்ணீர்,Food
दूध,Milk,दुग्धं,பால்,Food
चाय,Tea,चाय,தேநீர்,Food
कॉफी,Coffee,काफी,காபி,Food
रोटी,Bread,रोटिका,ரொட்டி,Food
चावल,Rice,तांडुलः,அரிசி,Food
दाल,Lentils,मसूरम्,பருப்பு,Food
सब्जी,Vegetable,तरकारी,காய்கறி,Food
फल,Fruit,फलं,பழம்,Food
आम,Mango,आम,மாம்பழம்,Food
केला,Banana,कदल,வாழைப்பழம்,Food
सेब,Apple,सेवफल,ஆப்பிள்,Food
संतरा,Orange fruit,नारङ्गफलम्,ஆரஞ்சு பழம்,Food
अंगूर,Grapes,द्राक्षा,திராட்சை,Food
अनार,Pomegranate,दाडिमम्,மாதுளை,Food
नारियल,Coconut,नारिकेलः,தேங்காய்,Food
आलू,Potato,आलूः,உருளைக்கிழங்கு,Food
प्याज,Onion,पलाण्डु,வெங்காயம்,Food
टमाटर,Tomato,रक्तफल,தக்காளி,Food
गाजर,Carrot,गार्जर,கேரட்,Food
पालक,Spinach,पालकं,கீரை,Food
मिर्च,Chili,मरिचम्,மிளகாய்,Food
नमक,Salt,लवणं,உப்பு,Food
चीनी,Sugar,मधुरं,சர்க்கரை,Food
घी,Clarified butter,स्पष्टं घृतम्,தெளிவுபடுத்தப்பட்ட வெண்ணெய்,Food
तेल,Oil,तेलं,எண்ணெய்,Food
मसाला,Spices,मसालाः,மசாலா,Food
अदरक,Ginger,आर्द्रक,இஞ்சி,Food
लहसुन,Garlic,लशुन,பூண்டு,Food
हल्दी,Turmeric,हरिद्रा,மஞ்சள்,Food
शहद,Honey,मधु,தேன்,Food
दही,Yogurt,दही,தயிர்,Food
मक्खन,Butter,नवनीत,வெண்ணெய்,Food
अंडा,Egg,अंड,முட்டை,Food
मिठाई,Sweets,मिष्टान्नम्,இனிப்புகள்,Food
लड्डू,Laddu,लड्डू,லட்டு,Food
खीर,Rice pudding,तण्डुलपुडिंग,அரிசி புட்டு,Food
नाश्ता,Breakfast,अल्पाहार,காலை உணவு,Food
दोपहर का खाना,Lunch,मध्याह्नभोजनम्‌,மதிய உணவு,Food
रात का खाना,Dinner,रात्रिभोजनम्‌,இரவு உணவு,Food
भूख लगी है,I am hungry,अहं क्षुधार्तः अस्मि,எனக்கு பசிக்கிறது,Food
प्यास लगी है,I am thirsty,अहं तृषितः अस्मि,எனக்கு தாகமாக இருக்கிறது,Food
खाना बहुत स्वादिष्ट है,The food is delicious,भोजनं स्वादिष्टम् अस्ति,உணவு சுவையானது,Food
खाना पकाना,To cook food,भोजनं पाकं कर्तुं,உணவு சமைக்க,Food
आकाश,Sky,गगनः,வானம்,Nature
बादल,Cloud,मेघ,மேகம்,Nature
बारिश,Rain,वृष्टि,மழை,Nature
तूफान,Storm,चण्डवात,புயல்,Nature
बिजली,Lightning,गाज,மின்னல்,Nature
गरज,Thunder,गर्जन,இடி,Nature
इंद्रधनुष,Rainbow,इन्द्रधनुषः,வானவில்,Nature
हवा,Wind,वायुः,காற்று,Nature
गर्मी,Heat,उष्णता,வெப்பம்,Nature
ठंड,Cold,शैत्यम्‌,குளிர்,Nature
बर्फ,Snow,तुषार,பனி,Nature
कोहरा,Fog,धूमिका,மூடுபனி,Nature
धूप,Sunlight,सूर्यप्रकाशः,சூரிய ஒளி,Nature
छाया,Shadow,छाया,நிழல்,Nature
सूरज,Sun,सूर्य,சூரியன்,Nature
चाँद,Moon,शशांक,சந்திரன்,Nature
तारे,Stars,तारा,நட்சத்திரங்கள்,Nature
धरती,Earth,पृथ्वी,பூமி,Nature
आग,Fire,अग्निः,தீ,Nature
मिट्टी,Soil,मृदा,மண்,Nature
नदी,River,नदी,நதி,Nature
झरना,Waterfall,जलप्रपातः,அருவி,Nature
तालाब,Pond,जलाशय,குளம்,Nature
झील,Lake,सरोवरः,ஏரி,Nature
समुद्र,Ocean,समुद्रं,பெருங்கடல்,Nature
लहर,Wave,तरंगं,அலை,Nature
किनारा,Shore,तट,கரை,Nature
रेत,Sand,वालुका,மணல்,Nature
पत्थर,Stone,प्रस्तरं,கல்,Nature
पहाड़,Mountain,पर्वत,மலை,Nature
घाटी,Valley,घाटी,பள்ளத்தாக்கு,Nature
गुफा,Cave,गुहा,குகை,Nature
जंगल,Forest,वनः,காடு,Nature
पेड़,Tree,वृक्षः,மரம்,Nature
पत्ता,Leaf,पर्ण,இலை,Nature
जड़,Root,मूलं,வேர்,Nature
डाल,Branch,शाखा,கிளை,Nature
फूल,Flower,पुष्पं,மலர்,Nature
कमल,Lotus,कमलम्,தாமரை,Nature
गुलाब,Rose,रोज,ரோஜா,Nature
गेंदा,Marigold,मरीगोल्ड्,சாமந்திப்பூ,Nature
चमेली,Jasmine,चमेली,மல்லிகை,Nature
घास,Grass,तृणं,புல்,Nature
बीज,Seed,बीज,விதை,Nature
खेत,Field,क्षेत्रम्‌,களம்,Nature
फसल,Crop,अन्नग्रह,பயிர்,Nature
गेहूँ,Wheat,गोधूम,கோதுமை,Nature
धान,Paddy,धानम्,நெல்,Nature
प्रकृति,Nature,प्रकृति,இயற்கை,Nature
घर,House,गृहम्‌,வீடு,Places
गाँव,Village,ग्राम,கிராமம்,Places
शहर,City,नगरी,நகரம்,Places
देश,Country,देशः,நாடு,Places
भारत,India,भारत,இந்தியா,Places
मुंबई,Mumbai,मुम्बई,மும்பை,Places
सड़क,Road,मार्गं,சாலை,Places
गली,Lane,लेन,லேன்,Places
बाज़ार,Market,विपणि,சந்தை,Places
दुकान,Shop,आपण,கடை,Places
स्कूल,School,विद्यालयः,பள்ளி,Places
कॉलेज,College,महाविद्यालयं,கல்லூரி,Places
पुस्तकालय,Library,पुस्तकालय,நூலகம்,Places
अस्पताल,Hospital,चिकित्सालय,மருத்துவமனை,Places
मंदिर,Temple,मंदिर,கோவில்,Places
मस्जिद,Mosque,मस्जिद,மசூதி,Places
गिरजाघर,Church,चर्च,தேவாலயம்,Places
गुरुद्वारा,Gurudwara,गुरुद्वारा,குருத்வாரா,Places
स्टेशन,Station,स्थानः,நிலையம்,Places
हवाई अड्डा,Airport,वायुपत्तनं,விமான நிலையம்,Places
पुल,Bridge,सेतु,பாலம்,Places
बगीचा,Garden,उद्यान,தோட்டம்,Places
मैदान,Playground,क्रीडाङ्गणम्,விளையாட்டு மைதானம்,Places
कुआँ,Well,कूपः,சரி,Places
आँगन,Courtyard,प्राङ्गणम्,முற்றம்,Places
रसोई,Kitchen,पाकशाला,சமையலறை,Places
कमरा,Room,कक्ष,அறை,Places
दरवाज़ा,Door,द्वारम्,கதவு,Places
खिड़की,Window,कोष्ठ,ஜன்னல்,Places
छत,Roof,छाद,கூரை,Places
दीवार,Wall,भित्ति,சுவர்,Places
सीढ़ी,Stairs,चरणाः,படிக்கட்டுகள்,Places
संग्रहालय,Museum,संग्रहालय,அருங்காட்சியகம்,Places
किला,Fort,दुर्गः,கோட்டை,Places
महल,Palace,प्रासादः,அரண்மனை,Places
बिस्तर,Bed,शय्या,படுக்கை,Daily Life
कुर्सी,Chair,आसन्द,நாற்காலி,Daily Life
मेज़,Table,पीठिका,அட்டவணை,Daily Life
दीपक,Lamp,दीपकः,விளக்கு,Daily Life
लालटेन,Lantern,लालटेन,விளக்கு,Daily Life
पीतल की लालटेन,Brass lantern,पीतले लालटेन,பித்தளை விளக்கு,Daily Life
मोमबत्ती,Candle,मोमबत्ती,மெழுகுவர்த்தி,Daily Life
दर्पण,Mirror,दर्पण,கண்ணாடி,Daily Life
घड़ी,Clock,घटिका,கடிகாரம்,Daily Life
चाबी,Key,कुंजी,முக்கிய,Daily Life
ताला,Lock,ताल,பூட்டு,Daily Life
थैला,Bag,भ्रस्ता,பை,Daily Life
बर्तन,Utensils,पात्रम्,பாத்திரங்கள்,Daily Life
मटका,Clay pot,मृत्तिका घटः,மண் பானை,Daily Life
थाली,Plate,स्थालिका,தட்டு,Daily Life
कटोरी,Bowl,पाल,கிண்ணம்,Daily Life
गिलास,Glass,चषक,கண்ணாடி,Daily Life
चम्मच,Spoon,चमस,கரண்டி,Daily Life
चूल्हा,Stove,चुल्लिका,அடுப்பு,Daily Life
झाड़ू,Broom,ऊहनी,விளக்குமாறு,Daily Life
रस्सी,Rope,रज्जु,கயிறு,Daily Life
टोकरी,Basket,टोकरी,கூடை,Daily Life
कपड़े,Clothes,वस्त्राणि,ஆடைகள்,Daily Life
साड़ी,Saree,साड़ी,சேலை,Daily Life
कुर्ता,Kurta,कुर्ता,குர்தா,Daily Life
धोती,Dhoti,धोती,தோட்டி,Daily Life
दुपट्टा,Scarf,उत्तरीय,தாவணி,Daily Life
जूते,Shoes,पादत्र,காலணிகள்,Daily Life
चप्पल,Slippers,चप्पलम्,செருப்புகள்,Daily Life
टोपी,Hat,हत्,தொப்பி,Daily Life
चश्मा,Spectacles,चश्मा,கண்ணாடிகள்,Daily Life
छाता,Umbrella,छात्र,குடை,Daily Life
गहने,Jewelry,कर्णाभरन,நகைகள்,Daily Life
चूड़ी,Bangle,चूड़ी,வளையல்,Daily Life
अंगूठी,Ring,वर्तुल,மோதிரம்,Daily Life
हार,Necklace,कर्णहार,நெக்லஸ்,Daily Life
किताब,Book,पुस्तकम्‌,புத்தகம்,Daily Life
कलम,Pen,लेखनी,பேனா,Daily Life
पेंसिल,Pencil,अङ्कनी,பென்சில்,Daily Life
कागज़,Paper,पत्रं,காகிதம்,Daily Life
चिट्ठी,Letter,पत्रम्,கடிதம்,Daily Life
तस्वीर,Photo,चित्रं,புகைப்படம்,Daily Life
खिलौना,Toy,खिलौना,பொம்மை,Daily Life
गेंद,Ball,कन्दुक,பந்து,Daily Life
पतंग,Kite,पतंगं,காத்தாடி,Daily Life
साइकिल,Bicycle,द्विचक्रिका,சைக்கிள்,Daily Life
गाड़ी,Car,कारयानम्‌,கார்,Daily Life
बस,Bus,बस,பேருந்து,Daily Life
रेलगाड़ी,Train,रेलयानम्‌,ரயில்,Daily Life
नाव,Boat,नौका,படகு,Daily Life
पैसा,Money,मुद्रा,பணம்,Daily Life
काम,Work,कार्यम्‌,வேலை,Daily Life
आराम,Rest,विश्रान्तिः,ஓய்வு,Daily Life
नींद,Sleep,शयनं करोतु,தூங்கு,Daily Life
सपना,Dream,स्वप्न,கனவு,Daily Life
किसान,Farmer,कृषक,விவசாயி,Professions
शिक्षक,Teacher,अध्यापकः,ஆசிரியர்,Professions
डॉक्टर,Doctor,चिकितसिक,டாக்டர்,Professions
नर्स,Nurse,उपचर,செவிலியர்,Professions
इंजीनियर,Engineer,अभियंता,பொறியாளர்,Professions
वैज्ञानिक,Scientist,वैज्ञानिकाः,விஞ்ஞானி,Professions
छात्र,Student,विद्यार्थी,மாணவர்,Professions
लेखक,Writer,लेखकः,எழுத்தாளர்,Professions
कवि,Poet,कवि,கவிஞர்,Professions
गायक,Singer,गायकः,பாடகர்,Professions
नर्तक,Dancer,नर्तकी,நடனக் கலைஞர்,Professions
कलाकार,Artist,कलाकार,கலைஞர்,Professions
चित्रकार,Painter,चित्रकार,ஓவியர்,Professions
संगीतकार,Musician,संगीतकार,இசைக்கலைஞர்,Professions
कहानीकार,Storyteller,कथाकार,கதைசொல்லி,Professions
बढ़ई,Carpenter,तक्षक,தச்சர்,Professions
लोहार,Blacksmith,लोहारः,கொல்லன்,Professions
कुम्हार,Potter,कुम्भकारः,குயவன்,Professions
बुनकर,Weaver,बुनकर,நெசவாளர்,Professions
दर्जी,Tailor,दर्जी,தையல்காரர்,Professions
मछुआरा,Fisherman,मत्स्यजीवी,மீனவர்,Professions
चरवाहा,Shepherd,गोपालकः,மேய்ப்பன்,Professions
व्यापारी,Merchant,वणिक्‌,வணிகர்,Professions
दुकानदार,Shopkeeper,दुकानदार,கடைக்காரர்,Professions
रसोइया,Cook,पचति,சமைக்கவும்,Professions
माली,Gardener,माली,தோட்டக்காரர்,Professions
सिपाही,Soldier,भट,சிப்பாய்,Professions
राजा,King,राजा,அரசன்,Professions
रानी,Queen,राज्ञी,ராணி,Professions
संत,Saint,संत,புனிதர்,Professions
पुजारी,Priest,पुरोहित,பாதிரியார்,Professions
विद्वान,Scholar,विद्वान,அறிஞர்,Professions
नेता,Leader,नेता,தலைவர்,Professions
खिलाड़ी,Player,खिलाडी,வீரர்,Professions
आना,To come,आगन्तुम्,வர,Actions
जाना,To go,गन्तुं,செல்ல,Actions
खाना खाना,To eat,खादितुम्,சாப்பிடுவதற்கு,Actions
पीना,To drink,पिबितुं,குடிக்க,Actions
सोना,To sleep,निद्रां कर्तुं,தூங்குவதற்கு,Actions
जागना,To wake up,जागरणार्थम्,எழுந்திருக்க,Actions
उठना,To get up,उत्थाय,எழுவதற்கு,Actions
बैठना,To sit,उपविष्टुं,உட்கார,Actions
खड़ा होना,To stand,स्थातुं,நிற்க,Actions
चलना,To walk,चलितुं,நடக்க,Actions
दौड़ना,To run,धावितुं,ஓடுவதற்கு,Actions
रुकना,To stop,निवर्तयितुं,நிறுத்த,Actions
कूदना,To jump,कूर्दितुं,குதிக்க,Actions
तैरना,To swim,तरितुं,நீந்த வேண்டும்,Actions
उड़ना,To fly,उड्डीयन्ते इति,பறக்க,Actions
गिरना,To fall,पतनम्,விழ,Actions
देखना,To see,द्रष्टुं,பார்க்க,Actions
सुनना,To listen,श्रोतुं,கேட்க,Actions
बोलना,To speak,वक्तुं,பேசுவதற்கு,Actions
कहना,To say,वक्तुं,சொல்வதற்கு,Actions
पूछना,To ask,पृच्छितुं,கேட்பதற்கு,Actions
बताना,To tell,कथयितुं,சொல்ல,Actions
पढ़ना,To read,पठितुं,படிக்க,Actions
लिखना,To write,लेखनार्थम्,எழுதுவதற்கு,Actions
सीखना,To learn,शिक्षितुं,கற்றுக்கொள்ள,Actions
सिखाना,To teach,पाठयितुं,கற்பிக்க,Actions
समझना,To understand,अवगन्तुम्,புரிந்து கொள்ள,Actions
सोचना,To think,चिन्तयितुं,சிந்திக்க,Actions
जानना,To know,ज्ञातुं,தெரிந்து கொள்ள,Actions
भूलना,To forget,विस्मरणार्थम्,மறக்க வேண்டும்,Actions
याद रखना,To remember,स्मरणार्थम्,நினைவில் கொள்ள,Actions
खोजना,To search,अन्वेषणार्थम्,தேடுவதற்கு,Actions
पाना,To find,अन्वेष्टुं,கண்டுபிடிக்க,Actions
खोना,To lose,हानिम्,இழக்க,Actions
देना,To give,दातुं,கொடுக்க,Actions
लेना,To take,ग्रहीतुं,எடுக்க,Actions
रखना,To keep,स्थापयितुं,வைக்க,Actions
उठाना,To lift,उत्थापयितुं,தூக்குவதற்கு,Actions
खोलना,To open,उद्घाटयितुं,திறக்க,Actions
बंद करना,To close,निमीलितुं,மூடுவதற்கு,Actions
बनाना,To make,कर्तुं,செய்ய,Actions
तोड़ना,To break,भङ्गं कर्तुं,உடைக்க,Actions
जोड़ना,To join,सम्मिलितुं,சேர,Actions
काटना,To cut,छिन्दितुं,வெட்டுவதற்கு,Actions
सिलना,To sew,सिवितुं,தைக்க,Actions
धोना,To wash,प्रक्षालितुं,கழுவ வேண்டும்,Actions
साफ करना,To clean,स्वच्छं कर्तुं,சுத்தம் செய்ய,Actions
पकाना,To cook,पाकं कर्तुं,சமைக்க,Actions
गाना गाना,To sing,गायितुं,பாடுவதற்கு,Actions
नाचना,To dance,नृत्यं कर्तुं,நடனமாட,Actions
बजाना,To play music,सङ्गीतं वादयितुं,இசையை இசைக்க,Actions
खेलना,To play,क्रीडितुं,விளையாட,Actions
हँसना,To laugh,हसितुं,சிரிக்க,Actions
रोना,To cry,रोदितुम्,அழுவதற்கு,Actions
मुस्कुराना,To smile,स्मितं कर्तुं,புன்னகைக்க,Actions
प्यार करना,To love,प्रेम्णा,காதலிக்க,Actions
मदद करना,To help,साहाय्यं कर्तुं,உதவி செய்ய,Actions
इंतज़ार करना,To wait,प्रतीक्षां कर्तुं,காத்திருக்க,Actions
मिलना,To meet,मिलितुं,சந்திக்க,Actions
बुलाना,To call,आह्वानं कर्तुं,அழைக்க,Actions
भेजना,To send,प्रेषयितुं,அனுப்புவதற்கு,Actions
लाना,To bring,आनयितुं,கொண்டு வர,Actions
ले जाना,To carry away,अपहरणं कर्तुं,எடுத்துச் செல்ல,Actions
खरीदना,To buy,क्रेतुं,வாங்க,Actions
बेचना,To sell,विक्रयणार्थम्,விற்க,Actions
जीतना,To win,विजयाय,வெற்றி பெற,Actions
हारना,To lose a game,क्रीडां हातुं,ஒரு விளையாட்டை இழக்க,Actions
शुरू करना,To begin,आरम्भार्थम्,தொடங்குவதற்கு,Actions
खत्म करना,To finish,समाप्तुं,முடிக்க,Actions
कोशिश करना,To try,प्रयासं कर्तुं,முயற்சி செய்ய,Actions
बदलना,To change,परिवर्तनार्थम्,மாற்றுவதற்கு,Actions
बढ़ना,To grow,वर्धयितुं,வளர,Actions
जीना,To live,जीवितुं,வாழ வேண்டும்,Actions
बचाना,To save,रक्षितुं,சேமிக்க,Actions
रक्षा करना,To protect,रक्षणार्थम्,பாதுகாக்க,Actions
बड़ा,Big,विशालः,பெரிய,Describing
छोटा,Small,लघु,சிறியது,Describing
लंबा,Tall,उन्नतः,உயரமான,Describing
नाटा,Short,वामनः,குறுகிய,Describing
मोटा,Fat,स्थूलः,கொழுப்பு,Describing
पतला,Thin,कृशः,மெல்லிய,Describing
नया,New,नूतनम्‌,புதியது,Describing
पुराना,Old thing,पुरातनं वस्तु,பழைய விஷயம்,Describing
जवान,Young,युवा,இளம்,Describing
बूढ़ा,Old person,वृद्धः व्यक्तिः,வயதானவர்,Describing
अच्छा,Good,शोभन,நல்லது,Describing
बुरा,Bad,असमीचीनः,மோசமான,Describing
सुंदर,Beautiful,सुन्दरम्‌,அழகான,Describing
बदसूरत,Ugly,कुरूपः,அசிங்கமான,Describing
तेज़,Fast,उपवासः,வேகமாக,Describing
धीमा,Slow,मन्द,மெதுவாக,Describing
गरम,Hot,उष्णः,சூடான,Describing
ठंडा,Cold thing,शीतं वस्तु,குளிர் விஷயம்,Describing
मीठा,Sweet,मधुरम्‌,இனிப்பு,Describing
कड़वा,Bitter,तिक्त,கசப்பான,Describing
खट्टा,Sour,अम्ल,புளிப்பு,Describing
तीखा,Spicy,अवलेह,காரமான,Describing
नरम,Soft,मृदु,மென்மையானது,Describing
कठोर,Hard,रूक्षः,கடினமான,Describing
हल्का,Light weight,लघु भार,லேசான எடை,Describing
भारी,Heavy,भारयुक्तम्‌,கனமானது,Describing
साफ,Clean,स्वच्छम्‌,சுத்தமான,Describing
गंदा,Dirty,मलिनम्‌,அழுக்கு,Describing
गीला,Wet,आर्द्रम्‌,ஈரமானது,Describing
सूखा,Dry,शुष्कः,உலர்,Describing
खाली,Empty,रिक्तम्‌,காலி,Describing
पास,Near,समीपः,அருகில்,Describing
दूर,Far,दूरम्‌,தூரம்,Describing
ऊँचा,High,उच्चैः,உயர்,Describing
नीचा,Low,न्यूनम्‌,குறைந்த,Describing
गहरा,Deep,अधः,ஆழமான,Describing
चौड़ा,Wide,विस्तृतः,பரந்த,Describing
सस्ता,Cheap,अल्पमूल्यम्‌,மலிவானது,Describing
महँगा,Expensive,बहुमूल्यम्‌,விலை உயர்ந்தது,Describing
आसान,Easy,सरलम्‌,எளிதானது,Describing
मुश्किल,Difficult,कठिनम्‌,கடினமானது,Describing
सही,Correct,उचितं,சரி,Describing
गलत,Wrong,दोषपूर्णः,தவறு,Describing
अमीर,Rich,धनिकः,பணக்காரர்,Describing
गरीब,Poor,निर्धनः,ஏழை,Describing
बहादुर,Brave,वीरः,துணிச்சலான,Describing
डरपोक,Cowardly,कायरः,கோழைத்தனம்,Describing
बुद्धिमान,Intelligent,चतुरः,புத்திசாலி,Describing
समझदार,Wise,पण्डितः,புத்திசாலி,Describing
ईमानदार,Honest,सत्यरतः,நேர்மையானவர்,Describing
दयालु,Kind,दयालु,வகையான,Describing
शांत,Quiet,शांतिम्,அமைதியான,Describing
व्यस्त,Busy,व्यस्तः,பிஸி,Describing
खास,Special,विशेषः,சிறப்பு,Describing
अनोखा,Unique,अद्वितीयः,தனித்துவமானது,Describing
मशहूर,Famous,प्रसिद्धः,பிரபலம்,Describing
जरूरी,Important,महत्वपूर्णः,முக்கியமானது,Describing
खुश,Happy,प्रसन्नः,மகிழ்ச்சி,Emotions
दुखी,Sad,सद्,வருத்தம்,Emotions
गुस्सा,Angry,क्रुद्धः,கோபம்,Emotions
डर,Fear,भयम्‌,பயம்,Emotions
साहस,Courage,साहस,தைரியம்,Emotions
आशा,Hope,आशा,நம்பிக்கை,Emotions
निराशा,Despair,निराशा,விரக்தி,Emotions
गर्व,Pride,अभिमानः,பெருமை,Emotions
शर्म,Shame,लज्जा,அவமானம்,Emotions
प्रेम,Love,स्नेहः,அன்பு,Emotions
नफरत,Hatred,द्वेषः,வெறுப்பு,Emotions
ईर्ष्या,Jealousy,ईर्ष्या,பொறாமை,Emotions
संतोष,Satisfaction,संतुष्टि,திருப்தி,Emotions
शांति,Peace,शान्तिः,அமைதி,Emotions
चिंता,Worry,चिंता,கவலை,Emotions
राहत,Relief,उपशम्,நிவாரணம்,Emotions
दर्द,Pain,पीडा,வலி,Emotions
आनंद,Joy,आनंदं,மகிழ்ச்சி,Emotions
मज़ा,Fun,परिहासः,வேடிக்கை,Emotions
हैरानी,Surprise,आश्चर्य,ஆச்சரியம்,Emotions
अकेलापन,Loneliness,एकान्तता,தனிமை,Emotions
याद,Memory of someone,कस्यचित् स्मृतिः,ஒருவரின் நினைவு,Emotions
पछतावा,Regret,खेदः,வருத்தம்,Emotions
क्षमा,Forgiveness,क्षमा,மன்னித்தல்,Emotions
कृतज्ञता,Gratitude,कृतवेदित्व,நன்றியுணர்வு,Emotions
विश्वास,Trust,न्यासः,நம்பிக்கை,Emotions
उत्साह,Enthusiasm,उत्साह,உற்சாகம்,Emotions
धैर्य,Patience,सहिष्णुता,பொறுமை,Emotions
करुणा,Compassion,करुणा,இரக்கம்,Emotions
ममता,Motherly love,मातृप्रेम,தாயின் அன்பு,Emotions
भाषा,Language,भाषा,மொழி,Language
मातृभाषा,Mother tongue,मातृभाषा,தாய்மொழி,Language
बोली,Dialect,बोली,பேச்சுவழக்கு,Language
शब्द,Word,शब्दः,வார்த்தை,Language
वाक्य,Sentence,वाक्य,வாக்கியம்,Language
अर्थ,Meaning,अर्थ,பொருள்,Language
व्याकरण,Grammar,व्याकरणम्,இலக்கணம்,Language
उच्चारण,Pronunciation,उच्चारणं,உச்சரிப்பு,Language
लिपि,Script,प्रलेखन,ஸ்கிரிப்ட்,Language
देवनागरी,Devanagari,देवनागरी,தேவநாகரி,Language
अक्षर,Letter of alphabet,वर्णमाला का अक्षर,எழுத்துக்களின் எழுத்து,Language
स्वर,Vowel,स्वरः,உயிரெழுத்து,Language
व्यंजन,Consonant,विसर्गः,மெய்யெழுத்து,Language
अनुवाद,Translation,अनुवाद,மொழிபெயர்ப்பு,Language
कविता,Poem,काव्य,கவிதை,Language
दोहा,Couplet,दम्पती,ஜோடி,Language
कहावत,Proverb,सुभाषितम्,பழமொழி,Language
मुहावरा,Idiom,मुहावरे,பழமொழி,Language
पहेली,Riddle,पहेली,புதிர்,Language
गीत,Song,गीतं,பாடல்,Language
लोकगीत,Folk song,लोकगीत,நாட்டுப்புற பாடல்,Language
लोरी,Lullaby,लोरी,தாலாட்டு,Language
संगीत,Music,संगीतं,இசை,Language
ढोलक,Drum,ढोल,பறை,Language
बाँसुरी,Flute,बांसुरी,புல்லாங்குழல்,Language
तबला,Tabla,तबला,தபலா,Language
नृत्य,Dance form,नृत्यरूपम्,நடன வடிவம்,Language
कहानी,Story,कथा,கதை,Language
लोककथा,Folktale,लोककथा,நாட்டுப்புறக் கதை,Language
परी कथा,Fairy tale,परिकथा,விசித்திரக் கதை,Language
महाकाव्य,Epic,गाथा,காவியம்,Language
रामायण,Ramayana,रामायणः,ராமாயணம்,Language
महाभारत,Mahabharata,महाभारत,மகாபாரதம்,Language
पंचतंत्र,Panchatantra,पञ्चतन्त्रम्,பஞ்சதந்திரம்,Language
परंपरा,Tradition,परंपरा,பாரம்பரியம்,Language
संस्कृति,Culture,संस्कृति,கலாச்சாரம்,Language
विरासत,Heritage,परम्परा,பாரம்பரியம்,Language
रीति रिवाज,Customs,परंपरा,சுங்கம்,Language
त्योहार,Festival,पर्वं,திருவிழா,Language
दीवाली,Diwali,दिवाली,தீபாவளி,Language
होली,Holi,होली,ஹோலி,Language
मेला,Fair,उचितः,நியாயமான,Language
पूजा,Worship,पूज़्,வழிபாடு,Language
आरती,Aarti,आरती,ஆர்த்தி,Language
प्रार्थना,Prayer,प्रार्थना,பிரார்த்தனை,Language
आशीर्वाद,Blessing,आशीर्वादः,ஆசீர்வாதம்,Language
इतिहास,History,इतिहास,வரலாறு,Language
पीढ़ी,Generation,पीढ़ी,தலைமுறை,Language
पूर्वज,Ancestors,पूर्वज,முன்னோர்கள்,Language
बुजुर्ग,Elders,वृद्धाः,பெரியவர்கள்,Language
ज्ञान,Knowledge,ज्ञानम्‌,அறிவு,Language
शिक्षा,Education,शिक्षा,கல்வி,Language
सीख,Lesson,पाठ,பாடம்,Language
भाषा सेतु,BhashaSetu,भाषासेतु,பாஷாசேது,Preservation
सेतु,Bridge of connection,संयोगस्य सेतुः,இணைப்பு பாலம்,Preservation
रोबोट,Robot,रोबोट,ரோபோ,Preservation
यंत्र,Machine,यंत्रं,இயந்திரம்,Preservation
कृत्रिम बुद्धि,Artificial intelligence,कृत्रिमबुद्धि,செயற்கை நுண்ணறிவு,Preservation
कंप्यूटर,Computer,संगणक,கணினி,Preservation
प्रौद्योगिकी,Technology,तन्त्रज्ञान,தொழில்நுட்பம்,Preservation
कैमरा,Camera,कॅमेरा,கேமரா,Preservation
माइक्रोफोन,Microphone,माइक्रोफोन,ஒலிவாங்கி,Preservation
रिकॉर्डिंग,Recording,रिकार्डिङ्ग,பதிவு செய்தல்,Preservation
आवाज़ रिकॉर्ड करना,To record voice,स्वरं रिकार्ड् कर्तुं,குரல் பதிவு செய்ய,Preservation
मैं सुन रहा हूँ,I am listening,अहं शृणोमि,நான் கேட்டுக் கொண்டிருக்கிறேன்,Preservation
कृपया बोलिए,Please speak,कृपया वदतु,தயவுசெய்து பேசுங்கள்,Preservation
कृपया दोहराइए,Please repeat,कृपया पुनः पुनः,மீண்டும் செய்யவும்,Preservation
मुझे एक कहानी सुनाइए,Tell me a story,कथां कथयतु,எனக்கு ஒரு கதை சொல்லுங்கள்,Preservation
मुझे एक गीत सुनाइए,Sing me a song,गीतं मम गायतु,எனக்கு ஒரு பாடல் பாடுங்கள்,Preservation
आपकी आवाज़ सुरक्षित है,Your voice is saved,भवतः स्वरः रक्षितः अस्ति,உங்கள் குரல் சேமிக்கப்பட்டது,Preservation
रिकॉर्डिंग शुरू,Recording started,रिकार्डिङ्ग् आरब्धम्,பதிவு தொடங்கியது,Preservation
रिकॉर्डिंग समाप्त,Recording finished,रिकार्डिङ्ग् समाप्तम्,பதிவு முடிந்தது,Preservation
क्या आप थक गए हैं,Are you tired,किं त्वं श्रान्तः असि,நீங்கள் சோர்வாக இருக்கிறீர்களா,Preservation
आइए थोड़ा आराम करें,Let us rest a while,किञ्चित्कालं विश्रामं कुर्मः,சிறிது நேரம் ஓய்வெடுப்போம்,Preservation
आपका बहुत धन्यवाद,Thank you so much,भूरिशः धन्यवादाः,மிக்க நன்றி,Preservation
विलुप्त भाषा,Endangered language,विलुप्तप्राय भाषा,அழிந்து வரும் மொழி,Preservation
विलुप्त हो रहा,Disappearing,अन्तर्धानं भवति,மறைகிறது,Preservation
संकट में,In danger,संकटे,ஆபத்தில்,Preservation
भाषा संरक्षण,Language preservation,भाषासंरक्षणम्,மொழிப் பாதுகாப்பு,Preservation
बचाना ज़रूरी है,Saving is essential,बचतम् अत्यावश्यकम्,சேமிப்பு அவசியம்,Preservation
जीवित रखना,To keep alive,जीवितं स्थापयितुं,வாழ வைக்க,Preservation
दस्तावेज़,Document,प्रलेख,ஆவணம்,Preservation
संग्रह,Collection,सङ्ग्रह,சேகரிப்பு,Preservation
अभिलेखागार,Archive,लेखागार,காப்பகம்,Preservation
शोध,Research,अनुसंधानम्,ஆராய்ச்சி,Preservation
साक्षात्कार,Interview,साक्षात्कारं,நேர்காணல்,Preservation
अनुमति,Permission,अनुमति,அனுமதி,Preservation
सहमति,Consent,सम्मतिः,சம்மதம்,Preservation
सम्मान,Respect,आदरः,மரியாதை,Preservation
गरिमा,Dignity,गौरवं,கண்ணியம்,Preservation
समुदाय,Community,समुदाय,சமூகம்,Preservation
वारली,Warli,वारली,வார்லி,Preservation
आदिवासी,Tribal,आदिवासी,பழங்குடியினர்,Preservation
वारली चित्रकला,Warli painting,वारली चित्रकला,வார்லி ஓவியம்,Preservation
त्रिभुज,Triangle,त्रिकोणः,முக்கோணம்,Preservation
वृत्त,Circle,वृत्त,வட்டம்,Preservation
तारपा नृत्य,Tarpa dance,तर्प नृत्य,தர்ப்பை நடனம்,Preservation
पालघर,Palghar,पालघर,பால்கர்,Preservation
महाराष्ट्र,Maharashtra,महाराष्ट्र,மகாராஷ்டிரா,Preservation
भविष्य,Future,भविष्य,எதிர்காலம்,Preservation
अतीत,Past,भूत,கடந்த,Preservation
वर्तमान,Present,उपस्थितः,தற்போது,Preservation
नई पीढ़ी,New generation,नवीन पीढी,புதிய தலைமுறை,Preservation
अगली पीढ़ी के लिए,For the next generation,अग्रिमजन्मस्य कृते,அடுத்த தலைமுறைக்கு,Preservation
आप कहाँ रहते हैं,Where do you live,तवं कुत्र वससि,நீங்கள் எங்கு வசிக்கிறீர்கள்,Sentences
आपकी उम्र क्या है,How old are you,भवतः वयः कियत्‌,உங்களுக்கு எவ்வளவு வயது,Sentences
आप क्या करते हैं,What do you do,त्वं किं करोसि,நீ என்ன செய்வாய்,Sentences
आपको क्या पसंद है,What do you like,भवतः किं रोचते,உனக்கு என்ன பிடிக்கும்,Sentences
मुझे यह पसंद है,I like this,मम एतत् रोचते,எனக்கு இது பிடிக்கும்,Sentences
मुझे यह पसंद नहीं है,I do not like this,मम एतत् न रोचते,எனக்கு இது பிடிக்கவில்லை,Sentences
यह क्या है,What is this,इदं किं,என்ன இது,Sentences
वह क्या है,What is that,तत् किम्,அது என்ன,Sentences
यह किसका है,Whose is this,कस्य इति,இது யாருடையது,Sentences
यह कितने का है,How much is this,कियत् इति,இது எவ்வளவு,Sentences
कितना समय लगेगा,How long will it take,कियत्कालं यावत् भवति,எவ்வளவு நேரம் எடுக்கும்,Sentences
रास्ता किधर है,Which way is the road,कः मार्गः मार्गः अस्ति,எந்த வழி சாலை,Sentences
मुझे मदद चाहिए,I need help,मम साहाय्यस्य आवश्यकता अस्ति,எனக்கு உதவி தேவை,Sentences
क्या आप मेरी मदद करेंगे,Will you help me,किं त्वं मम साहाय्यं करिष्यसि,எனக்கு உதவி செய்வாயா,Sentences
मैं आपकी मदद करूँगा,I will help you,अहं भवतः साहाय्यं करिष्यामि,நான் உனக்கு உதவுவேன்,Sentences
चिंता मत कीजिए,Do not worry,चिन्ता मा कुरुत,கவலைப்படாதே,Sentences
सब ठीक हो जाएगा,Everything will be fine,सर्वं सुष्ठु भविष्यति,எல்லாம் சரியாகிவிடும்,Sentences
मुझे भारत से प्यार है,I love India,अहं भारतं प्रेम करोमि,நான் இந்தியாவை நேசிக்கிறேன்,Sentences
मुझे अपनी भाषा से प्यार है,I love my language,मम भाषा मम बहु रोचते,நான் என் மொழியை நேசிக்கிறேன்,Sentences
मुझे गर्व है,I am proud,अहं गर्वितः अस्मि,நான் பெருமைப்படுகிறேன்,Sentences
यह बहुत सुंदर है,This is very beautiful,एतत् अतीव सुन्दरम् अस्ति,இது மிகவும் அழகாக இருக்கிறது,Sentences
मौसम अच्छा है,The weather is nice,मौसमः सुन्दरः अस्ति,வானிலை நன்றாக இருக்கிறது,Sentences
आज बारिश हो रही है,It is raining today,अद्य वर्षा भवति,இன்று மழை பெய்கிறது,Sentences
मैं स्कूल जाता हूँ,I go to school,अहं विद्यालयं गच्छामि,நான் பள்ளிக்குச் செல்கிறேன்,Sentences
मैं पढ़ाई करता हूँ,I am studying,अहं पठामि,நான் படிக்கிறேன்,Sentences
मुझे खेलना पसंद है,I like to play,मम क्रीडनं रोचते,நான் விளையாட விரும்புகிறேன்,Sentences
मुझे संगीत पसंद है,I like music,मम सङ्गीतं रोचते,எனக்கு இசை பிடிக்கும்,Sentences
क्या आप गा सकते हैं,Can you sing,किं भवन्तः गायितुं शक्नुवन्ति,பாட முடியுமா,Sentences
क्या आप नाच सकते हैं,Can you dance,किं भवन्तः नृत्यं कर्तुं शक्नुवन्ति,நடனமாட முடியுமா,Sentences
मुझे कहानियाँ सुनना पसंद है,I love listening to stories,कथाः श्रोतुं मम बहु रोचते,எனக்கு கதைகள் கேட்பது பிடிக்கும்,Sentences
दादी कहानी सुनाती हैं,Grandmother tells stories,पितामही कथाः कथयति,பாட்டி கதைகள் சொல்கிறார்,Sentences
बच्चे खेल रहे हैं,The children are playing,बालकाः क्रीडन्ति,குழந்தைகள் விளையாடுகிறார்கள்,Sentences
पक्षी गा रहे हैं,The birds are singing,पक्षिणः गायन्ति,பறவைகள் பாடுகின்றன,Sentences
सूरज निकल रहा है,The sun is rising,सूर्योदयः,சூரியன் உதிக்கின்றது,Sentences
चाँद चमक रहा है,The moon is shining,चन्द्रः प्रकाशते,சந்திரன் பிரகாசிக்கிறது,Sentences
नदी बह रही है,The river is flowing,नदी प्रवहति,ஆறு ஓடுகிறது,Sentences
फूल खिल रहे हैं,The flowers are blooming,पुष्पाणि प्रफुल्लितानि सन्ति,பூக்கள் பூத்துக் குலுங்குகின்றன,Sentences
दीप जल रहा है,The lamp is burning,दीपः प्रज्वलितः अस्ति,விளக்கு எரிகிறது,Sentences
दरवाज़ा खुला है,The door is open,द्वारं उद्घाटितम् अस्ति,கதவு திறந்திருக்கிறது,Sentences
खाना तैयार है,The food is ready,भोजनं सज्जम् अस्ति,உணவு தயாராக உள்ளது,Sentences
अंदर आइए,Please come inside,कृपया अन्तः आगच्छन्तु,தயவுசெய்து உள்ளே வாருங்கள்,Sentences
बैठिए,Please sit down,कृपया उपविशतु,தயவுசெய்து உட்காருங்கள்,Sentences
पानी पीजिए,Please drink water,कृपया जलं पिबन्तु,தயவுசெய்து தண்ணீர் குடிக்கவும்,Sentences
ध्यान से सुनिए,Listen carefully,ध्यानपूर्वकं शृणुत,கவனமாகக் கேளுங்கள்,Sentences
धीरे चलिए,Walk slowly,मन्दं गच्छतु,மெதுவாக நடக்கவும்,Sentences
जल्दी आइए,Come quickly,शीघ्रम् आगच्छतु,சீக்கிரம் வா,Sentences
यहाँ आइए,Come here,अत्र आगच्छतु,இங்கே வா,Sentences
वहाँ जाइए,Go there,तत्र गच्छतु,அங்கே போ,Sentences
रुकिए,Please stop,कृपया निवर्तते,தயவுசெய்து நிறுத்துங்கள்,Sentences
देखिए,Please look,कृपया पश्यन्तु,தயவுசெய்து பாருங்கள்,Sentences
सत्य बोलो,Speak the truth,सत्यं वदतु,உண்மையைப் பேசு,Wisdom
सत्यमेव जयते,Truth alone triumphs,सत्यमेव विजयते,உண்மை மட்டுமே வெல்லும்,Wisdom
अतिथि देवो भव,The guest is like God,अतिथिः ईश्वर इव अस्ति,விருந்தினர் கடவுளைப் போன்றவர்,Wisdom
विद्या धन है,Knowledge is wealth,ज्ञानं धनम्,அறிவு செல்வம்,Wisdom
ज्ञान शक्ति है,Knowledge is power,ज्ञानं शक्तिः,அறிவு சக்தி,Wisdom
समय बलवान है,Time is powerful,कालः शक्तिशाली अस्ति,நேரம் சக்தி வாய்ந்தது,Wisdom
समय का मूल्य समझो,Value your time,स्वसमयस्य मूल्यं ददातु,உங்கள் நேரத்தை மதிப்பிடுங்கள்,Wisdom
जीवन अनमोल है,Life is precious,जीवनं बहुमूल्यम् अस्ति,வாழ்க்கை விலைமதிப்பற்றது,Wisdom
परिश्रम का फल मीठा होता है,The fruit of hard work is sweet,परिश्रमस्य फलं मधुरं भवति,கடின உழைப்பின் பலன் இனிமையானது,Wisdom
धैर्य रखो,Be patient,धैर्यं धारयतु,பொறுமையாக இருங்கள்,Wisdom
आशा मत छोड़ो,Do not lose hope,आशां न त्यजन्तु,நம்பிக்கையை இழக்காதீர்கள்,Wisdom
दूसरों की मदद करो,Help others,अन्येषां साहाय्यं कुरुत,மற்றவர்களுக்கு உதவுங்கள்,Wisdom
बड़ों का सम्मान करो,Respect your elders,भवतः वृद्धानां सम्मानं कुरुत,உங்கள் பெரியவர்களை மதிக்கவும்,Wisdom
विनम्र रहो,Be humble,विनयशीलः भवतु,அடக்கமாக இருங்கள்,Wisdom
क्षमा करना सीखो,Learn to forgive,क्षन्तुं शिक्षन्तु,மன்னிக்க கற்றுக்கொள்ளுங்கள்,Wisdom
ईमानदारी सबसे अच्छी नीति है,Honesty is the best policy,प्रामाणिकता एव सर्वोत्तमा नीतिः,நேர்மையே சிறந்த கொள்கை,Wisdom
एकता में शक्ति है,There is strength in unity,एकत्वे बलं भवति,ஒற்றுமையில் பலம் உண்டு,Wisdom
बूँद बूँद से सागर बनता है,Drop by drop makes an ocean,बिन्दुः बिन्दुः समुद्रं करोति,துளி துளி ஒரு கடலை உருவாக்குகிறது,Wisdom
जहाँ चाह वहाँ राह,Where there is a will there is a way,यत्र इच्छा अस्ति तत्र मार्गः अस्ति,விருப்பம் உள்ள இடத்தில் ஒரு வழி இருக்கிறது,Wisdom
अभ्यास से सब संभव है,Practice makes everything possible,अभ्यासः सर्वं सम्भवं करोति,பயிற்சி எல்லாவற்றையும் சாத்தியமாக்குகிறது,Wisdom
गिरकर उठना ही जीवन है,To fall and rise again is life,पतनं पुनरुत्थानं च जीवनम्,விழுந்து மீண்டும் எழுவதே வாழ்க்கை,Wisdom
मन के हारे हार है,Defeat begins in the mind,मनसि पराजयः आरभ्यते,தோல்வி மனதிலிருந்தே தொடங்குகிறது,Wisdom
अतीत से सीखो,Learn from the past,अतीतात् शिक्षन्तु,கடந்த காலத்திலிருந்து கற்றுக்கொள்ளுங்கள்,Wisdom
भविष्य की ओर देखो,Look toward the future,भविष्यं प्रति पश्यन्तु,எதிர்காலத்தை நோக்கி பார்,Wisdom
प्रकृति की रक्षा करो,Protect nature,प्रकृतेः रक्षणं कुरुत,இயற்கையை பாதுகாக்கவும்,Wisdom
पेड़ लगाओ,Plant trees,वृक्षान् रोपयन्तु,மரங்களை நடவும்,Wisdom
पानी बचाओ,Save water,जलं रक्षतु,தண்ணீரை சேமிக்கவும்,Wisdom
संस्कृति को जीवित रखो,Keep culture alive,संस्कृतिं जीवितं कुर्वन्तु,கலாச்சாரத்தை வாழ வைக்க,Wisdom
अपनी भाषा पर गर्व करो,Be proud of your language,स्वभाषायाः गर्वः भवतु,உங்கள் மொழியில் பெருமை கொள்ளுங்கள்,Wisdom
भाषा संस्कृति की आत्मा है,Language is the soul of culture,भाषा संस्कृतिस्य आत्मा अस्ति,மொழி என்பது கலாச்சாரத்தின் ஆன்மா,Wisdom
हर भाषा अनमोल है,Every language is priceless,प्रत्येकं भाषा अमूल्यम् अस्ति,ஒவ்வொரு மொழியும் விலைமதிப்பற்றது,Wisdom
शब्दों में शक्ति होती है,Words have power,शब्दानां शक्तिः भवति,வார்த்தைகளுக்கு சக்தி உண்டு,Wisdom
कहानियाँ हमें जोड़ती हैं,Stories connect us,कथाः अस्मान् संयोजयन्ति,கதைகள் நம்மை இணைக்கின்றன,Wisdom
बुजुर्गों की बातें सुनो,Listen to the elders,वृद्धानां वचनं शृणुत,பெரியவர்கள் சொல்வதைக் கேளுங்கள்,Wisdom
अगली पीढ़ी के लिए सोचो,Think of the next generation,अग्रिमजन्मस्य विषये चिन्तयतु,அடுத்த தலைமுறையை நினைத்துப் பாருங்கள்,Wisdom
एक बार की बात है,Once upon a time,एकदा,ஒரு காலத்தில்,Stories
पहाड़ों के बीच एक छोटा सा गाँव था,There was a small village among the mountains,पर्वतानां मध्ये एकः लघुः ग्रामः आसीत्,மலைகளுக்கு நடுவே ஒரு சிறிய கிராமம் இருந்தது,Stories
उस गाँव में एक बुज़ुर्ग महिला रहती थी,An elderly woman lived in that village,तस्मिन् ग्रामे एका वृद्धा महिला निवसति स्म,அந்த ஊரில் ஒரு வயதான பெண்மணி வசித்து வந்தார்,Stories
वह अपनी पुरानी भाषा बोलती थी,She spoke her old language,सा स्वस्य पुरातनभाषां वदति स्म,அவள் பழைய மொழி பேசினாள்,Stories
उसकी कहानियाँ बहुत सुंदर थीं,Her stories were very beautiful,तस्याः कथाः अतीव सुन्दराः आसन्,அவளுடைய கதைகள் மிகவும் அழகாக இருந்தன,Stories
लेकिन अब कोई सुनने वाला नहीं था,But now there was no one to listen,परन्तु इदानीं श्रोतुं कोऽपि नासीत्,ஆனால் இப்போது கேட்க யாரும் இல்லை,Stories
बच्चे शहर चले गए थे,The children had moved to the city,बालकाः नगरं गतवन्तः आसन्,பிள்ளைகள் ஊருக்குச் சென்றுவிட்டனர்,Stories
उसकी भाषा धीरे धीरे खो रही थी,Her language was slowly being lost,तस्याः भाषा शनैः शनैः नष्टा भवति स्म,அவளுடைய மொழி மெல்ல மெல்ல அழிந்தது,Stories
एक दिन एक छोटा रोबोट गाँव आया,One day a small robot came to the village,एकस्मिन् दिने एकः लघुः रोबोट् ग्रामम् आगतः,ஒரு நாள் அந்த கிராமத்திற்கு ஒரு சிறிய ரோபோ வந்தது,Stories
उसका नाम भाषा सेतु था,Its name was BhashaSetu,अस्य नाम भाषासेतुः आसीत्,அதன் பெயர் பாஷாசேது,Stories
रोबोट ने कहा मुझे एक कहानी सुनाइए,The robot said tell me a story,रोबोट् अवदत् कथां कथयतु,ரோபோ ஒரு கதை சொல்லு என்றது,Stories
महिला मुस्कुराई और बोलने लगी,The woman smiled and began to speak,सा स्त्रियाः स्मितं कृत्वा वक्तुं आरब्धा,அந்தப் பெண் சிரித்துக் கொண்டே பேச ஆரம்பித்தாள்,Stories
रोबोट ने हर शब्द रिकॉर्ड किया,The robot recorded every word,रोबोट् प्रत्येकं शब्दं अभिलेखयति स्म,ரோபோ ஒவ்வொரு வார்த்தையையும் பதிவு செய்தது,Stories
अब उसकी कहानियाँ हमेशा जीवित रहेंगी,Now her stories will live forever,इदानीं तस्याः कथाः सदा जीविष्यन्ति,இப்போது அவளுடைய கதைகள் என்றென்றும் வாழும்,Stories
भाषा बच गई और गाँव खुश हुआ,The language was saved and the village rejoiced,"भाषा उद्धारिता, ग्रामः आनन्दितः अभवत्",மொழி காப்பாற்றப்பட்டு ஊர் மகிழ்ந்தது,Stories
महाराष्ट्र के जंगलों में वारली लोग रहते हैं,The Warli people live in the forests of Maharashtra,वारलीजनाः महाराष्ट्रस्य वनेषु निवसन्ति,மகாராஷ்டிரா காடுகளில் வார்லி இன மக்கள் வாழ்கின்றனர்,Stories
वे मिट्टी के घरों की दीवारों पर चित्र बनाते हैं,They paint pictures on the walls of mud houses,पङ्कगृहाणां भित्तिषु चित्राणि रचयन्ति,மண் வீடுகளின் சுவர்களில் படங்களை வரைகிறார்கள்,Stories
सफेद रंग से त्रिभुज और वृत्त बनते हैं,Triangles and circles are made with white color,श्वेतवर्णेन त्रिकोणमण्डलानि च भवन्ति,முக்கோணங்கள் மற்றும் வட்டங்கள் வெள்ளை நிறத்தில் செய்யப்படுகின்றன,Stories
हर चित्र एक कहानी कहता है,Every painting tells a story,प्रत्येकं चित्रं कथां कथयति,ஒவ்வொரு ஓவியமும் ஒரு கதை சொல்கிறது,Stories
एक युवा लड़की ने अपनी दादी से पूछा,A young girl asked her grandmother,एकः बालिका स्वपितामहीम् अपृच्छत्,ஒரு இளம் பெண் தன் பாட்டியிடம் கேட்டாள்,Stories
ये चित्र क्या कहते हैं,What do these paintings say,एते चित्राणि किं वदन्ति,இந்த ஓவியங்கள் என்ன சொல்கின்றன,Stories
दादी ने कहा ये हमारे पूर्वजों की आवाज़ हैं,Grandmother said these are the voices of our ancestors,पितामही अवदत् एतानि अस्माकं पूर्वजानां स्वराः,இவை நம் முன்னோர்களின் குரல்கள் என்றார் பாட்டி,Stories
ये फसल और बारिश की कहानियाँ हैं,These are stories of harvest and rain,एतानि फलानां वर्षाणां च कथाः सन्ति,இவை அறுவடை மற்றும் மழை பற்றிய கதைகள்,Stories
ये तारपा नृत्य की खुशी दिखाते हैं,They show the joy of the Tarpa dance,तर्पनृत्यस्य आनन्दं दर्शयन्ति,அவர்கள் தர்ப்பை நடனத்தின் மகிழ்ச்சியைக் காட்டுகிறார்கள்,Stories
लड़की ने चित्र बनाना सीखा,The girl learned to paint,बालिका चित्रकला शिक्षते स्म,பெண் ஓவியம் வரைவதற்கு கற்றுக்கொண்டாள்,Stories
उसने अपने चित्रों में नई कहानियाँ जोड़ीं,She added new stories to her paintings,सा स्वचित्रेषु नूतनाः कथाः योजितवती,அவர் தனது ஓவியங்களில் புதிய கதைகளைச் சேர்த்தார்,Stories
परंपरा एक पीढ़ी से दूसरी पीढ़ी तक चली,The tradition passed from one generation to the next,परम्परा एकस्मात् पीढीतः परं पीढीं यावत् गता,பாரம்பரியம் ஒரு தலைமுறையிலிருந்து அடுத்த தலைமுறைக்கு சென்றது,Stories
कला कभी नहीं मरती,Art never dies,कला कदापि न म्रियते,கலை என்றும் அழியாது,Stories
एक गाँव के पास एक सुंदर नदी बहती थी,A beautiful river flowed near a village,एकस्य ग्रामस्य समीपे एकः सुन्दरः नदी प्रवहति स्म,ஒரு கிராமத்தின் அருகே ஒரு அழகான ஆறு ஓடிக்கொண்டிருந்தது,Stories
गाँव के लोग नदी से पानी लेते थे,The village people took water from the river,ग्रामजनाः नदीतः जलं गृहीतवन्तः,கிராம மக்கள் ஆற்றில் தண்ணீர் எடுத்தனர்,Stories
किसान अपने खेतों को सींचते थे,The farmers watered their fields,कृषकाः स्वक्षेत्राणि सिञ्चन्ति,விவசாயிகள் தங்கள் வயல்களுக்கு தண்ணீர் விடுகிறார்கள்,Stories
बच्चे नदी के किनारे खेलते थे,The children played by the riverbank,बालाः नदीतीरे क्रीडन्ति स्म,குழந்தைகள் ஆற்றங்கரையில் விளையாடினர்,Stories
एक साल बारिश नहीं हुई,One year it did not rain,एकवर्षे वर्षा न अभवत्,ஒரு வருடம் மழை பெய்யவில்லை,Stories
नदी सूखने लगी,The river began to dry,नदी शुष्कतां प्रारभत,ஆறு வறண்டு போக ஆரம்பித்தது,Stories
गाँव के बुज़ुर्ग ने सबको बुलाया,The village elder called everyone,ग्रामवृद्धः सर्वान् आहूतवान्,ஊர் பெரியவர் அனைவரையும் அழைத்தார்,Stories
उन्होंने कहा हमें मिलकर काम करना होगा,He said we must work together,सः अवदत् यत् अस्माभिः मिलित्वा कार्यं कर्तव्यम्,நாம் இணைந்து செயல்பட வேண்டும் என்றார்,Stories
सबने मिलकर तालाब खोदा,Everyone dug a pond together,सर्वे मिलित्वा तडागं खनितवन्तः,எல்லோரும் சேர்ந்து குளம் தோண்டினார்கள்,Stories
सबने पेड़ लगाए,Everyone planted trees,सर्वे वृक्षाः रोपितवन्तः,அனைவரும் மரங்களை நட்டனர்,Stories
अगले साल खूब बारिश हुई,The next year it rained a lot,परवर्षे बहु वर्षा अभवत्,அடுத்த வருடம் நிறைய மழை பெய்தது,Stories
नदी फिर से बहने लगी,The river began to flow again,नदी पुनः प्रवाहितुं आरब्धा,நதி மீண்டும் ஓட ஆரம்பித்தது,Stories
तीन दोस्तों ने एक रोबोट बनाया,Three friends built a robot,त्रयः मित्राणि रोबोट् निर्मितवन्तः,மூன்று நண்பர்கள் ஒரு ரோபோவை உருவாக்கினர்,Stories
रोबोट का आकार एक पीतल की लालटेन जैसा था,The robot was shaped like a brass lantern,रोबोट् पीतले दीपस्य आकारः आसीत्,ரோபோ பித்தளை விளக்கு போல வடிவமைக்கப்பட்டது,Stories
उसका काम था भाषाओं को बचाना,Its job was to save languages,अस्य कार्यं भाषाणां रक्षणम् आसीत्,மொழிகளைக் காப்பதே அதன் பணியாக இருந்தது,Stories
रोबोट गाँव गाँव घूमता था,The robot traveled from village to village,रोबोट् ग्रामात् ग्रामे गच्छति स्म,ரோபோ கிராமம் கிராமமாக பயணித்தது,Stories
वह बुज़ुर्गों के पास जाकर रुकता था,It would stop near the elders,वृद्धानां समीपे एव स्थगितम् आसीत्,பெரியவர்கள் அருகில் நின்றுவிடும்,Stories
वह कहता था नमस्ते मैं सुन रहा हूँ,It would say hello I am listening,नमस्कारं शृणोमि इति वदिष्यति स्म,அது வணக்கம் நான் கேட்கிறேன் என்று சொல்லும்,Stories
लोग उसे अपनी कहानियाँ सुनाते थे,People told it their stories,जनाः तत् स्वकथाः कथयन्ति स्म,மக்கள் தங்கள் கதைகளைச் சொன்னார்கள்,Stories
वह गीत और लोरियाँ रिकॉर्ड करता था,It recorded songs and lullabies,"अस्मिन् गीतानि, लोरीगीतानि च अभिलेखितानि आसन्",இது பாடல்களையும் தாலாட்டுகளையும் பதிவு செய்தது,Stories
जब कोई थक जाता तो वह कहता,When someone got tired it would say,यदा कश्चित् श्रान्तः भवति स्म तदा वदति स्म,யாராவது சோர்வாக இருக்கும்போது அது சொல்லும்,Stories
धीरे धीरे उसने सैकड़ों आवाज़ें इकट्ठी कीं,Slowly it collected hundreds of voices,शनैः शनैः शतशः स्वराः सङ्गृहीताः,மெதுவாக அது நூற்றுக்கணக்கான குரல்களை சேகரித்தது,Stories
हर आवाज़ एक खज़ाना थी,Every voice was a treasure,प्रत्येकं स्वरं निधिः आसीत्,ஒவ்வொரு குரலும் பொக்கிஷமாக இருந்தது,Stories
बच्चों ने उन आवाज़ों से अपनी भाषा सीखी,The children learned their language from those voices,तेभ्यः स्वरेभ्यः बालकाः स्वभाषां शिक्षन्ति स्म,அந்தக் குரல்களில் இருந்து குழந்தைகள் தங்கள் மொழியைக் கற்றுக்கொண்டனர்,Stories
इस तरह भाषा सेतु ने अतीत और भविष्य को जोड़ा,In this way BhashaSetu connected the past and the future,एवं भाषासेतुः अतीतं भविष्यं च संयोजितवान्,இந்த வழியில் பாஷாசேது கடந்த காலத்தையும் எதிர்காலத்தையும் இணைத்தார்,Stories
